timestamp,open,high,low,close,volume
2026-02-08 18:00:00,70786.0,71418.0,70750.0,71147.25,643.64182
2026-02-08 19:00:00,71147.24,71538.05,71142.77,71422.97,466.64362
2026-02-08 20:00:00,71422.96,71427.73,70700.03,70835.17,803.14197
2026-02-08 21:00:00,70835.17,71136.03,70524.14,70700.0,621.70092
2026-02-08 22:00:00,70700.01,71100.04,70652.11,71066.09,568.07657
2026-02-08 23:00:00,71066.09,72271.41,70000.0,70330.38,2834.32509
2026-02-09 00:00:00,70330.38,70774.4,70123.02,70502.38,961.77536
2026-02-09 01:00:00,70502.37,70926.4,70068.18,70369.53,1060.82602
2026-02-09 02:00:00,70369.53,71000.0,70220.12,70629.99,832.82995
2026-02-09 03:00:00,70629.99,71453.53,70614.07,71307.56,1165.88308
2026-02-09 04:00:00,71307.56,71359.37,70924.13,71005.01,663.12266
2026-02-09 05:00:00,71005.01,71112.0,70805.0,71044.51,554.37782
2026-02-09 06:00:00,71044.51,71044.52,70311.7,70667.95,697.3032
2026-02-09 07:00:00,70667.96,70902.51,70331.57,70422.59,1015.80172
2026-02-09 08:00:00,70422.59,70608.83,69393.97,69873.99,1595.15551
2026-02-09 09:00:00,69873.45,70116.0,69478.63,69630.35,1112.26419
2026-02-09 10:00:00,69630.35,69730.38,68420.58,68727.88,2052.69575
2026-02-09 11:00:00,68727.88,69022.89,68573.31,68928.72,1348.78221
2026-02-09 12:00:00,68928.71,69262.91,68857.97,69147.01,1009.44887
2026-02-09 13:00:00,69147.02,69299.99,68586.48,68594.57,1029.85836
2026-02-09 14:00:00,68594.56,69755.59,68308.0,69272.0,2516.24849
2026-02-09 15:00:00,69271.99,69884.82,68780.0,69563.37,2308.23216
2026-02-09 16:00:00,69563.37,70428.48,69100.0,70093.01,1734.77412
2026-02-09 17:00:00,70093.0,71000.0,69870.65,70612.29,2206.43168
2026-02-09 18:00:00,70612.29,71012.0,70088.88,70418.68,1419.6332
2026-02-09 19:00:00,70418.67,71075.31,70260.0,70957.01,878.36448
2026-02-09 20:00:00,70957.01,71126.0,70500.0,70738.71,948.93614
2026-02-09 21:00:00,70738.71,70807.75,69823.52,70400.0,1102.83201
2026-02-09 22:00:00,70400.01,70719.7,70271.13,70372.96,530.94981
2026-02-09 23:00:00,70372.96,70572.84,70083.45,70138.0,406.20163
2026-02-10 00:00:00,70138.0,70255.36,69743.8,69827.33,569.13678
2026-02-10 01:00:00,69827.34,70527.59,69827.34,70486.82,544.68673
2026-02-10 02:00:00,70486.82,70486.82,69982.27,70102.89,444.00707
2026-02-10 03:00:00,70102.9,70166.22,69208.61,69511.83,911.79715
2026-02-10 04:00:00,69511.83,69906.5,69469.58,69831.62,489.42781
2026-02-10 05:00:00,69831.62,69864.0,69210.76,69447.64,565.92441
2026-02-10 06:00:00,69447.63,69499.9,68682.0,68921.35,1241.02042
2026-02-10 07:00:00,68921.36,69218.64,68852.43,68919.66,837.11514
2026-02-10 08:00:00,68919.66,69226.16,68725.81,69142.0,730.03493
2026-02-10 09:00:00,69141.99,69417.7,68950.0,69151.5,1044.9818
2026-02-10 10:00:00,69151.5,69258.52,68921.64,68921.68,686.30742
2026-02-10 11:00:00,68921.68,69085.79,68459.89,68535.01,1128.13956
2026-02-10 12:00:00,68535.02,68855.35,68434.0,68610.12,821.53118
2026-02-10 13:00:00,68610.11,69143.6,68370.23,69027.95,992.44284
2026-02-10 14:00:00,69027.94,69591.2,67800.0,68460.4,2352.751
2026-02-10 15:00:00,68460.4,69519.72,68300.9,69293.37,1676.38862
2026-02-10 16:00:00,69293.37,69810.35,68945.23,69517.71,1394.08093
2026-02-10 17:00:00,69517.71,69993.65,69309.35,69925.31,899.7843
2026-02-10 18:00:00,69925.31,69943.44,68604.63,68894.36,897.73226
2026-02-10 19:00:00,68894.36,69303.99,68690.32,69062.01,805.90106
2026-02-10 20:00:00,69062.0,69136.91,68629.47,68753.7,425.90627
2026-02-10 21:00:00,68753.69,69005.45,68362.0,68656.21,402.88764
2026-02-10 22:00:00,68656.22,68860.4,68566.8,68707.18,289.48213
2026-02-10 23:00:00,68707.18,68860.09,68506.2,68841.29,222.30327
2026-02-11 00:00:00,68841.28,69244.45,68784.47,69201.14,437.64105
2026-02-11 01:00:00,69201.14,69292.88,68914.73,68982.0,303.52695
2026-02-11 02:00:00,68982.0,69168.52,68603.4,68677.33,398.35346
2026-02-11 03:00:00,68677.34,68751.91,68011.11,68187.99,778.71298
2026-02-11 04:00:00,68188.0,68325.0,67368.0,67584.46,1295.18481
2026-02-11 05:00:00,67584.47,67810.0,67397.86,67404.28,744.08532
2026-02-11 06:00:00,67404.28,67491.84,66557.99,66820.32,1841.79675
2026-02-11 07:00:00,66819.84,67254.6,66652.27,67032.72,1293.95919
2026-02-11 08:00:00,67032.71,67134.42,66793.93,66981.07,871.78483
2026-02-11 09:00:00,66981.08,67110.04,66716.02,66872.03,712.9704
2026-02-11 10:00:00,66872.03,66891.64,66369.49,66531.99,1318.02907
2026-02-11 11:00:00,66531.99,67110.77,66500.84,67053.03,1011.30301
2026-02-11 12:00:00,67053.03,67424.24,66959.67,67133.5,1251.20611
2026-02-11 13:00:00,67133.51,67674.3,66799.58,67454.49,1973.91228
2026-02-11 14:00:00,67454.49,68834.34,66435.62,66584.6,3127.14059
2026-02-11 15:00:00,66584.61,66818.18,65756.0,66519.73,2796.32516
2026-02-11 16:00:00,66519.72,67250.0,65952.0,66039.09,1746.45856
2026-02-11 17:00:00,66039.08,66921.12,65876.0,66518.26,1110.21085
2026-02-11 18:00:00,66518.26,67305.28,66150.66,67275.34,935.25515
2026-02-11 19:00:00,67275.34,67860.44,67105.79,67586.67,1212.94694
2026-02-11 20:00:00,67586.66,67757.7,67190.0,67555.98,514.2706
2026-02-11 21:00:00,67555.98,68369.77,67417.04,67811.17,1823.53852
2026-02-11 22:00:00,67810.2,67872.68,67387.24,67433.14,541.63723
2026-02-11 23:00:00,67433.54,67563.77,66787.7,67082.52,677.99621
2026-02-12 00:00:00,67082.52,67700.0,67055.53,67460.75,581.7604
2026-02-12 01:00:00,67460.75,68047.48,67460.75,67699.01,549.26066
2026-02-12 02:00:00,67699.01,67800.0,67418.0,67439.14,554.16819
2026-02-12 03:00:00,67439.14,67596.0,67306.61,67580.99,415.78114
2026-02-12 04:00:00,67581.0,67682.69,67000.0,67018.4,588.3789
2026-02-12 05:00:00,67018.4,67209.99,66670.45,67141.93,683.92376
2026-02-12 06:00:00,67141.92,67355.93,67014.0,67125.57,830.7495
2026-02-12 07:00:00,67125.57,67330.0,66935.64,67217.72,607.54971
2026-02-12 08:00:00,67217.71,67344.0,66891.6,67141.15,783.02638
2026-02-12 09:00:00,67141.15,67699.1,67050.0,67550.47,644.02356
2026-02-12 10:00:00,67550.46,68026.6,67404.02,68014.01,843.40689
2026-02-12 11:00:00,68014.0,68299.0,67740.0,68076.01,1397.59947
2026-02-12 12:00:00,68076.01,68162.02,67720.0,67865.31,829.25823
2026-02-12 13:00:00,67865.32,68397.5,67680.82,68376.58,960.32991
2026-02-12 14:00:00,68376.58,68410.52,67493.78,67577.02,1431.75163
2026-02-12 15:00:00,67577.02,68000.0,67014.98,67134.74,1602.90239
2026-02-12 16:00:00,67134.74,67232.04,65556.0,65863.37,3193.11571
2026-02-12 17:00:00,65863.38,66265.06,65374.56,65413.99,2100.56023
2026-02-12 18:00:00,65414.0,65800.0,65118.0,65590.95,1612.17039
2026-02-12 19:00:00,65590.95,66117.51,65274.4,65788.36,1027.63649
2026-02-12 20:00:00,65788.36,66042.24,65215.06,65428.56,894.16583
2026-02-12 21:00:00,65428.24,65900.0,65428.24,65849.87,590.26423
2026-02-12 22:00:00,65849.86,66399.94,65643.34,66288.0,642.82133
2026-02-12 23:00:00,66288.01,66488.9,66156.47,66272.17,907.1379
2026-02-13 00:00:00,66272.17,66527.09,65872.46,65918.6,765.38996
2026-02-13 01:00:00,65918.61,66619.9,65918.61,66454.95,771.58544
2026-02-13 02:00:00,66454.95,66759.61,66384.0,66663.08,476.45341
2026-02-13 03:00:00,66663.08,66814.0,66462.4,66553.08,569.96335
2026-02-13 04:00:00,66553.09,66671.62,66308.48,66329.22,462.15015
2026-02-13 05:00:00,66329.22,66502.27,66175.79,66175.79,484.2505
2026-02-13 06:00:00,66175.79,66397.86,66002.98,66359.28,613.96613
2026-02-13 07:00:00,66359.28,66568.47,66050.21,66208.96,868.05316
2026-02-13 08:00:00,66208.96,66747.38,66191.52,66699.96,603.02656
2026-02-13 09:00:00,66699.96,67062.93,66612.86,66959.71,592.93469
2026-02-13 10:00:00,66959.72,67116.0,66800.0,66977.66,516.91289
2026-02-13 11:00:00,66977.66,67226.66,66783.38,67171.42,488.71065
2026-02-13 12:00:00,67171.41,67212.28,66918.38,67084.0,405.35988
2026-02-13 13:00:00,67084.01,67615.34,66938.0,67274.15,1624.06539
2026-02-13 14:00:00,67274.14,68028.45,66867.47,67733.51,1724.03844
2026-02-13 15:00:00,67733.51,69309.8,67692.0,68692.12,3133.0872
2026-02-13 16:00:00,68692.12,69482.97,68540.83,68954.69,1775.68698
2026-02-13 17:00:00,68954.69,69250.25,68636.36,69047.99,921.29676
2026-02-13 18:00:00,69048.0,69411.44,68903.27,69129.99,1063.59333
2026-02-13 19:00:00,69129.99,69236.33,68918.79,68938.91,560.0454
2026-02-13 20:00:00,68938.91,68973.35,68683.32,68777.12,555.3285
2026-02-13 21:00:00,68777.13,69079.4,68731.75,68902.48,463.4195
2026-02-13 22:00:00,68902.48,69000.0,68726.4,68995.28,544.04056
2026-02-13 23:00:00,68995.29,69000.0,68829.2,68853.96,261.19072
2026-02-14 00:00:00,68853.97,69137.5,68768.56,69090.24,447.10398
2026-02-14 01:00:00,69090.25,69108.8,68921.54,68964.51,344.69001
2026-02-14 02:00:00,68964.51,69006.34,68845.6,68884.21,261.74234
2026-02-14 03:00:00,68884.21,69027.14,68852.0,68981.99,238.3937
2026-02-14 04:00:00,68982.0,68995.11,68789.59,68790.0,489.78591
2026-02-14 05:00:00,68790.01,68910.0,68760.0,68773.42,308.2603
2026-02-14 06:00:00,68773.41,68936.98,68730.13,68936.98,470.43757
2026-02-14 07:00:00,68936.98,69343.0,68884.56,69219.26,919.89001
2026-02-14 08:00:00,69219.27,69870.99,69218.71,69746.2,1347.80343
2026-02-14 09:00:00,69746.2,69900.0,69566.78,69714.93,555.36385
2026-02-14 10:00:00,69714.94,69714.94,69585.15,69671.86,257.25533
2026-02-14 11:00:00,69671.86,70560.01,69671.86,70505.74,1370.55448
2026-02-14 12:00:00,70505.74,70533.67,69600.0,69640.2,1278.19574
2026-02-14 13:00:00,69640.2,69771.91,69064.6,69460.0,3393.7597
2026-02-14 14:00:00,69460.0,69856.7,69208.09,69701.66,1680.0126
2026-02-14 15:00:00,69701.66,70048.39,69560.0,69778.28,751.6532
2026-02-14 16:00:00,69778.28,69815.0,69283.02,69755.1,1006.67903
2026-02-14 17:00:00,69755.1,69930.9,69609.0,69739.38,685.87401
2026-02-14 18:00:00,69739.38,69856.7,69672.55,69772.31,270.42048
2026-02-14 19:00:00,69772.3,69920.6,69619.52,69873.99,332.30706
2026-02-14 20:00:00,69873.99,70028.59,69732.75,70023.09,434.13483
2026-02-14 21:00:00,70023.1,70250.46,69668.05,69935.86,640.89584
2026-02-14 22:00:00,69935.86,70100.0,69781.0,69959.75,292.90739
2026-02-14 23:00:00,69959.74,70020.0,69723.18,69822.95,336.66314
2026-02-15 00:00:00,69822.94,69864.74,69600.0,69777.07,292.27775
2026-02-15 01:00:00,69777.06,69902.7,69350.0,69717.65,400.20039
2026-02-15 02:00:00,69717.65,69753.9,69341.27,69480.01,375.21945
2026-02-15 03:00:00,69480.0,69990.02,69251.5,69954.5,697.2437
2026-02-15 04:00:00,69954.5,70518.57,69459.35,70183.99,2275.16813
2026-02-15 05:00:00,70184.0,70472.43,70132.54,70267.61,540.45783
2026-02-15 06:00:00,70267.6,70540.99,70184.09,70405.12,505.71551
2026-02-15 07:00:00,70405.12,70926.42,70307.11,70828.42,1425.80275
2026-02-15 08:00:00,70828.43,70983.0,70182.31,70446.52,898.37828
2026-02-15 09:00:00,70446.52,70668.0,70370.3,70419.11,334.99126
2026-02-15 10:00:00,70419.12,70523.94,70208.16,70427.02,382.24903
2026-02-15 11:00:00,70427.02,70543.14,70267.6,70295.22,457.63561
2026-02-15 12:00:00,70295.22,70418.48,69309.87,69314.21,1027.34588
2026-02-15 13:00:00,69314.22,69620.06,68772.2,68930.0,1749.29694
2026-02-15 14:00:00,68930.0,69219.71,68845.72,69170.51,629.32577
2026-02-15 15:00:00,69170.51,69255.6,68888.0,69099.99,446.59665
2026-02-15 16:00:00,69100.0,69100.0,68658.0,69017.75,1442.09011
2026-02-15 17:00:00,69017.76,69085.22,68203.6,68641.21,1194.71218
2026-02-15 18:00:00,68641.21,68800.0,68274.31,68451.44,2695.36643
2026-02-15 19:00:00,68451.45,68560.84,68000.0,68286.63,2807.35363
2026-02-15 20:00:00,68286.64,68560.22,68120.0,68450.0,399.94279
2026-02-15 21:00:00,68450.0,68950.16,68450.0,68852.01,407.5596
2026-02-15 22:00:00,68852.01,69078.49,68801.06,68999.96,384.07496
2026-02-15 23:00:00,68999.96,68999.96,68319.64,68832.58,521.04745
2026-02-16 00:00:00,68832.59,69065.5,68700.0,68845.81,349.86984
2026-02-16 01:00:00,68845.81,69041.97,68454.54,68630.81,270.08273
2026-02-16 02:00:00,68630.81,68734.0,68243.68,68320.48,683.734
2026-02-16 03:00:00,68320.49,68463.96,68143.22,68424.82,453.41167
2026-02-16 04:00:00,68424.82,68894.52,68417.17,68870.07,465.20741
2026-02-16 05:00:00,68870.07,68900.0,68293.28,68385.29,353.88428
2026-02-16 06:00:00,68385.29,68527.8,68228.76,68450.8,240.56615
2026-02-16 07:00:00,68450.8,68672.59,68380.0,68587.9,362.20306
2026-02-16 08:00:00,68587.89,68798.7,68542.63,68762.85,301.81895
2026-02-16 09:00:00,68762.86,69060.77,68748.02,68992.71,453.08481
2026-02-16 10:00:00,68992.7,68992.71,68690.85,68798.22,358.68374
2026-02-16 11:00:00,68798.21,68918.22,68338.9,68812.83,495.50759
2026-02-16 12:00:00,68812.84,69848.48,68807.54,69763.24,1602.28029
2026-02-16 13:00:00,69763.24,70126.67,68225.0,68395.1,1720.62066
2026-02-16 14:00:00,68395.11,68718.3,68260.39,68427.64,1092.6004
2026-02-16 15:00:00,68427.64,68607.22,67294.11,67539.52,2148.07022
2026-02-16 16:00:00,67539.53,67974.86,67513.94,67888.7,895.58119
2026-02-16 17:00:00,67888.7,68074.12,67600.93,67951.86,501.76328
2026-02-16 18:00:00,67951.85,68245.34,67830.82,67860.13,606.24788
2026-02-16 19:00:00,67860.13,68130.0,67824.91,67913.43,262.97624
2026-02-16 20:00:00,67913.44,68549.14,67827.11,68530.0,457.58536
2026-02-16 21:00:00,68530.0,68933.85,68427.18,68862.88,534.27425
2026-02-16 22:00:00,68862.89,68890.0,68509.07,68591.02,556.75779
2026-02-16 23:00:00,68591.01,68978.88,68538.57,68892.43,348.95355
2026-02-17 00:00:00,68892.43,69042.74,68704.36,68878.27,476.69143
2026-02-17 01:00:00,68878.27,68996.67,68563.16,68618.11,499.89142
2026-02-17 02:00:00,68618.12,69241.5,68387.2,68838.48,625.65656
2026-02-17 03:00:00,68838.48,68860.68,68470.0,68474.9,367.85689
2026-02-17 04:00:00,68474.9,68707.49,68288.0,68481.67,329.69022
2026-02-17 05:00:00,68481.68,68510.76,67892.0,68245.71,633.07748
2026-02-17 06:00:00,68245.71,68519.99,68242.49,68400.0,230.38739
2026-02-17 07:00:00,68400.01,68480.0,68165.02,68388.12,314.74756
2026-02-17 08:00:00,68388.12,68479.17,68130.78,68177.53,285.96667
2026-02-17 09:00:00,68177.53,68308.37,67992.03,68126.28,404.18575
2026-02-17 10:00:00,68126.29,68194.46,67704.96,67845.3,504.39951
2026-02-17 11:00:00,67845.3,67935.73,67690.0,67854.6,507.67784
2026-02-17 12:00:00,67854.6,68299.4,67827.52,67919.49,607.94036
2026-02-17 13:00:00,67919.49,68360.5,67734.36,68136.34,716.87733
2026-02-17 14:00:00,68136.35,68337.6,66734.3,66875.06,2328.63639
2026-02-17 15:00:00,66875.06,67409.99,66621.06,67392.05,2309.0413
2026-02-17 16:00:00,67392.06,68158.1,67317.6,67517.36,1448.76651
2026-02-17 17:00:00,67517.36,67714.28,66881.08,67244.22,1144.38591
2026-02-17 18:00:00,67244.22,68227.41,67127.86,68098.62,824.93415
2026-02-17 19:00:00,68098.63,68235.39,67695.45,67793.32,785.88027
2026-02-17 20:00:00,67793.32,67928.08,67484.16,67753.3,471.88623
2026-02-17 21:00:00,67753.3,67926.29,67538.0,67680.54,253.25027
2026-02-17 22:00:00,67680.55,67788.42,67513.42,67527.72,176.97341
2026-02-17 23:00:00,67527.72,67617.46,67394.0,67503.52,240.26836
2026-02-18 00:00:00,67503.52,67627.97,67290.3,67302.65,186.99827
2026-02-18 01:00:00,67302.65,67378.26,66892.03,67165.2,545.6883
2026-02-18 02:00:00,67165.21,67421.99,67153.36,67335.04,250.64041
2026-02-18 03:00:00,67335.04,67705.65,67326.98,67629.11,243.56061
2026-02-18 04:00:00,67629.1,67900.0,67500.1,67823.54,328.68469
2026-02-18 05:00:00,67823.55,67938.0,67606.45,67654.8,311.88419
2026-02-18 06:00:00,67654.81,67976.51,67614.91,67850.52,264.75627
2026-02-18 07:00:00,67850.53,68219.81,67702.7,68106.44,528.49446
2026-02-18 08:00:00,68106.44,68476.22,68071.58,68132.82,532.69792
2026-02-18 09:00:00,68132.83,68276.0,68010.11,68157.79,339.37122
2026-02-18 10:00:00,68157.8,68184.41,67731.95,67801.26,395.11187
2026-02-18 11:00:00,67801.26,67805.08,67076.9,67369.75,654.97357
2026-02-18 12:00:00,67369.75,67689.76,67345.0,67458.06,459.50762
2026-02-18 13:00:00,67458.06,67599.7,67051.81,67236.88,549.44565
2026-02-18 14:00:00,67236.89,67362.26,66717.3,67223.76,1553.71672
2026-02-18 15:00:00,67223.77,68347.72,67192.25,67694.01,1767.46696
2026-02-18 16:00:00,67694.01,67706.94,66994.23,67145.34,1029.31402
2026-02-18 17:00:00,67145.35,67486.97,67057.13,67187.39,676.97648
2026-02-18 18:00:00,67187.4,67229.76,66200.0,66359.99,1304.49131
2026-02-18 19:00:00,66360.0,66619.0,65870.0,66177.14,1301.14212
2026-02-18 20:00:00,66177.15,66550.0,66141.9,66268.39,682.91387
2026-02-18 21:00:00,66268.4,66504.2,66053.6,66342.76,909.37392
2026-02-18 22:00:00,66342.76,66477.7,66232.02,66408.82,352.09134
2026-02-18 23:00:00,66408.83,66502.49,66275.71,66461.0,323.1366
2026-02-19 00:00:00,66461.0,66597.03,66345.0,66446.49,297.42224
2026-02-19 01:00:00,66446.49,66884.16,66446.48,66866.62,415.14671
2026-02-19 02:00:00,66866.63,66958.9,66639.99,66835.2,362.58869
2026-02-19 03:00:00,66835.2,66997.07,66727.27,66980.91,262.07528
2026-02-19 04:00:00,66980.91,67070.56,66759.0,66802.75,389.01702
2026-02-19 05:00:00,66802.74,66893.06,66679.76,66871.35,253.79395
2026-02-19 06:00:00,66871.34,67290.4,66865.43,67150.12,468.59633
2026-02-19 07:00:00,67150.12,67320.0,67028.7,67206.45,481.75258
2026-02-19 08:00:00,67206.45,67206.45,66785.56,66966.12,559.76369
2026-02-19 09:00:00,66966.12,67191.83,66754.23,66836.0,463.29328
2026-02-19 10:00:00,66836.01,66958.4,66741.77,66843.08,368.25421
2026-02-19 11:00:00,66843.08,66936.42,66478.02,66496.02,488.02461
2026-02-19 12:00:00,66496.03,66680.7,66325.34,66516.67,484.41025
2026-02-19 13:00:00,66516.67,66556.59,65763.0,65913.37,1377.50527
2026-02-19 14:00:00,65913.38,66662.3,65631.83,66421.2,1506.37269
2026-02-19 15:00:00,66421.2,66755.39,65966.0,66398.0,1083.30553
2026-02-19 16:00:00,66398.01,66514.95,65899.25,66293.53,940.96239
2026-02-19 17:00:00,66293.53,67049.99,66173.15,66369.42,899.04062
2026-02-19 18:00:00,66369.42,67073.13,66228.49,67030.49,865.51701
2026-02-19 19:00:00,67030.5,67198.1,66700.0,67050.0,706.47789
2026-02-19 20:00:00,67050.0,67166.98,66823.03,67149.11,444.88336
2026-02-19 21:00:00,67149.11,67168.86,66900.92,66916.51,265.40447
2026-02-19 22:00:00,66916.51,67000.0,66652.34,66915.14,854.02212
2026-02-19 23:00:00,66915.15,67023.61,66814.76,67003.73,304.63969
2026-02-20 00:00:00,67003.73,67486.62,66949.41,67228.91,595.00262
2026-02-20 01:00:00,67228.91,67355.79,67150.0,67279.9,313.31598
2026-02-20 02:00:00,67279.91,67347.76,67181.28,67242.03,232.09759
2026-02-20 03:00:00,67242.03,67488.67,67241.24,67366.25,332.50492
2026-02-20 04:00:00,67366.25,67402.23,67115.38,67264.83,362.39174
2026-02-20 05:00:00,67264.83,68006.0,67203.19,67790.1,1107.38598
2026-02-20 06:00:00,67790.11,67894.2,67660.12,67847.47,482.66553
2026-02-20 07:00:00,67847.47,67990.0,67767.4,67825.91,459.03505
2026-02-20 08:00:00,67825.91,67950.85,67747.33,67879.99,290.00035
2026-02-20 09:00:00,67879.99,68230.01,67879.99,68218.85,996.7879
2026-02-20 10:00:00,68218.85,68318.39,67843.42,67948.99,638.74258
2026-02-20 11:00:00,67948.99,67983.91,67280.6,67318.41,1489.10389
2026-02-20 12:00:00,67318.41,67594.0,67276.41,67541.77,603.15784
2026-02-20 13:00:00,67541.78,67541.78,66280.2,66801.62,7078.59491
2026-02-20 14:00:00,66801.62,67317.5,66532.87,67069.65,5263.48808
2026-02-20 15:00:00,67069.65,68083.98,66536.64,67582.95,3143.21056
2026-02-20 16:00:00,67582.95,67921.7,67283.24,67795.47,1312.90303
2026-02-20 17:00:00,67795.48,67795.48,66952.11,67613.37,6085.1555
2026-02-20 18:00:00,67613.38,68000.0,67466.11,67924.21,1321.6326
2026-02-20 19:00:00,67924.22,68000.0,67548.85,67646.03,854.45567
2026-02-20 20:00:00,67646.03,67885.55,67520.3,67750.4,685.93834
2026-02-20 21:00:00,67750.4,67840.0,67639.29,67825.87,451.92527
2026-02-20 22:00:00,67825.87,68116.6,67639.31,68078.13,669.63597
2026-02-20 23:00:00,68078.13,68233.99,67914.0,68020.01,582.73901
2026-02-21 00:00:00,68020.0,68051.16,67787.19,67841.0,537.54494
2026-02-21 01:00:00,67841.0,68005.99,67841.0,67951.24,250.62697
2026-02-21 02:00:00,67951.25,68099.54,67913.3,68001.05,224.56497
2026-02-21 03:00:00,68001.04,68001.04,67534.69,67667.77,569.35853
2026-02-21 04:00:00,67667.77,67846.88,67593.99,67816.97,228.62441
2026-02-21 05:00:00,67816.98,67888.4,67799.7,67851.93,141.24714
2026-02-21 06:00:00,67851.93,67924.39,67750.96,67793.38,228.15051
2026-02-21 07:00:00,67793.39,67884.74,67749.59,67856.01,118.21011
2026-02-21 08:00:00,67856.01,68079.41,67807.3,68055.03,293.16321
2026-02-21 09:00:00,68055.04,68314.54,67978.9,68147.53,599.79254
2026-02-21 10:00:00,68147.54,68250.0,68139.65,68215.54,212.21766
2026-02-21 11:00:00,68215.55,68283.34,68084.0,68092.45,279.32431
2026-02-21 12:00:00,68092.45,68218.2,67915.0,68203.42,307.88407
2026-02-21 13:00:00,68203.42,68260.0,68106.89,68259.99,202.25945
2026-02-21 14:00:00,68259.99,68644.0,68180.53,68450.01,880.51744
2026-02-21 15:00:00,68450.01,68698.7,68417.0,68615.0,427.6444
2026-02-21 16:00:00,68615.01,68630.76,68101.78,68322.6,658.4992
2026-02-21 17:00:00,68322.61,68474.01,68200.0,68437.45,212.23015
2026-02-21 18:00:00,68437.45,68644.0,68383.08,68574.0,320.28262
2026-02-21 19:00:00,68573.99,68658.5,68526.81,68543.51,219.15242
2026-02-21 20:00:00,68543.51,68605.63,68190.0,68211.19,369.37236
2026-02-21 21:00:00,68211.19,68390.93,68183.1,68379.95,170.62817
2026-02-21 22:00:00,68379.95,68437.56,67900.0,67972.0,378.72918
2026-02-21 23:00:00,67972.0,68124.54,67941.02,67975.93,202.81655
2026-02-22 00:00:00,67975.93,68060.4,67809.78,67946.0,294.60551
2026-02-22 01:00:00,67946.0,68171.46,67945.99,68159.31,265.09117
2026-02-22 02:00:00,68159.32,68222.16,67872.76,67909.68,289.41881
2026-02-22 03:00:00,67909.67,68062.03,67824.9,68041.43,265.36653
2026-02-22 04:00:00,68041.42,68086.0,67966.52,67983.5,199.56269
2026-02-22 05:00:00,67983.5,68011.75,67881.81,67977.52,154.76424
2026-02-22 06:00:00,67977.52,68178.79,67972.89,68038.13,303.09242
2026-02-22 07:00:00,68038.14,68095.57,67990.5,68005.3,266.37265
2026-02-22 08:00:00,68005.3,68019.46,67912.02,67950.1,183.6609
2026-02-22 09:00:00,67950.11,68101.46,67948.74,68053.32,173.06503
2026-02-22 10:00:00,68053.33,68153.2,68012.78,68129.56,204.92643
2026-02-22 11:00:00,68129.57,68245.0,68129.56,68219.97,171.48901
2026-02-22 12:00:00,68219.97,68232.4,67871.59,67928.22,372.42816
2026-02-22 13:00:00,67928.23,68040.8,67571.08,67652.38,679.59468
2026-02-22 14:00:00,67652.38,67682.47,67353.75,67443.89,825.57077
2026-02-22 15:00:00,67443.89,67813.2,67303.5,67684.14,653.6397
2026-02-22 16:00:00,67684.15,67718.13,67513.83,67632.76,299.2772
2026-02-22 17:00:00,67632.76,67635.22,67190.0,67384.49,691.10182
2026-02-22 18:00:00,67384.48,67461.41,67313.54,67422.62,362.52705
2026-02-22 19:00:00,67422.63,67488.7,67403.37,67428.32,222.75597
2026-02-22 20:00:00,67428.32,67491.96,67350.0,67401.74,272.50364
2026-02-22 21:00:00,67401.74,67643.94,67401.74,67612.66,235.86316
2026-02-22 22:00:00,67612.66,67751.44,67485.34,67666.16,369.66378
2026-02-22 23:00:00,67666.16,67730.98,67469.58,67643.4,418.79352
2026-02-23 00:00:00,67643.39,67684.86,66715.01,66740.47,765.22691
2026-02-23 01:00:00,66740.47,66740.47,64290.71,64427.65,7324.06208
2026-02-23 02:00:00,64427.64,64916.85,64325.98,64783.56,1843.2569
2026-02-23 03:00:00,64783.56,65079.79,64700.0,64934.17,1090.11911
2026-02-23 04:00:00,64934.18,65040.29,64685.64,64808.31,792.86138
2026-02-23 05:00:00,64808.31,65294.8,64796.85,65070.9,1215.1894
2026-02-23 06:00:00,65070.9,65802.09,65033.9,65757.32,1085.08146
2026-02-23 07:00:00,65757.33,66015.22,65641.55,65958.94,1026.69503
2026-02-23 08:00:00,65958.94,65958.94,65565.78,65676.44,895.54696
2026-02-23 09:00:00,65676.44,66456.5,65672.76,66404.91,974.96031
2026-02-23 10:00:00,66404.92,66600.0,66220.0,66319.69,789.042
2026-02-23 11:00:00,66319.69,66487.37,66114.22,66207.23,534.45165
2026-02-23 12:00:00,66207.23,66511.51,65886.51,66280.4,754.07687
2026-02-23 13:00:00,66280.4,66430.52,66103.35,66132.66,807.41354
2026-02-23 14:00:00,66132.65,66264.95,65529.73,65923.53,971.74614
2026-02-23 15:00:00,65923.52,66250.0,65579.53,65660.1,1263.10354
2026-02-23 16:00:00,65660.1,65724.28,65178.83,65364.65,1502.46383
2026-02-23 17:00:00,65364.66,65451.01,64152.04,64813.26,2524.7894
2026-02-23 18:00:00,64813.27,65194.51,64586.0,64635.49,994.68933
2026-02-23 19:00:00,64635.49,64855.18,64048.71,64295.1,2158.00321
2026-02-23 20:00:00,64295.11,64487.94,63888.79,64473.14,1313.21455
2026-02-23 21:00:00,64473.14,64783.54,64459.44,64580.66,593.24685
2026-02-23 22:00:00,64580.66,65035.98,64555.59,64725.56,1451.85665
2026-02-23 23:00:00,64725.56,64900.63,64538.9,64656.02,404.81213
2026-02-24 00:00:00,64656.01,65026.75,64656.01,64941.43,437.59997
2026-02-24 01:00:00,64941.42,64941.42,63433.84,64160.27,2402.75927
2026-02-24 02:00:00,64160.26,64500.0,64000.0,64109.81,599.63527
2026-02-24 03:00:00,64109.8,64109.8,63342.9,63595.51,1312.76931
2026-02-24 04:00:00,63595.51,63628.52,62868.69,63378.84,2096.9105
2026-02-24 05:00:00,63378.84,63551.58,62700.8,63104.79,1274.07037
2026-02-24 06:00:00,63104.79,63322.28,62900.0,63082.79,677.94768
2026-02-24 07:00:00,63082.79,63367.2,62866.42,63192.96,890.96125
2026-02-24 08:00:00,63192.79,63444.66,63009.92,63392.15,669.14656
2026-02-24 09:00:00,63392.15,63411.8,62908.92,63249.99,657.17066
2026-02-24 10:00:00,63250.0,63369.71,63112.7,63284.5,447.19211
2026-02-24 11:00:00,63284.51,63317.95,63063.63,63227.1,461.08382
2026-02-24 12:00:00,63227.11,63343.59,62965.21,62969.05,642.15852
2026-02-24 13:00:00,62969.04,63100.0,62510.28,62900.0,2362.19948
2026-02-24 14:00:00,62900.01,63834.21,62762.03,63453.99,1408.18955
2026-02-24 15:00:00,63454.0,64031.76,63300.0,63973.97,1127.10688
2026-02-24 16:00:00,63973.98,64428.9,63689.54,64265.52,1423.20973
2026-02-24 17:00:00,64265.53,64520.0,64042.8,64219.71,1017.32505
2026-02-24 18:00:00,64219.7,64500.0,63872.72,64435.06,809.89318
2026-02-24 19:00:00,64435.05,64743.11,64250.52,64435.03,722.29463
2026-02-24 20:00:00,64435.03,64591.99,64318.03,64472.9,409.22444
2026-02-24 21:00:00,64472.9,64472.9,63820.5,64042.66,576.40912
2026-02-24 22:00:00,64042.66,64227.81,63973.79,64120.95,288.16182
2026-02-24 23:00:00,64120.96,64248.65,63853.99,64058.15,389.41705
2026-02-25 00:00:00,64058.15,64319.29,63913.27,64224.3,292.38037
2026-02-25 01:00:00,64224.29,66300.0,64145.2,65896.75,2840.08056
2026-02-25 02:00:00,65896.74,66310.0,65866.66,65884.83,1252.91602
2026-02-25 03:00:00,65884.84,65955.87,65350.28,65391.73,801.79518
2026-02-25 04:00:00,65391.74,65650.0,65116.65,65457.99,723.49717
2026-02-25 05:00:00,65458.0,65511.21,64755.26,64882.76,831.61343
2026-02-25 06:00:00,64882.77,65124.04,64865.78,64898.22,394.76962
2026-02-25 07:00:00,64898.22,65193.25,64781.18,65028.3,682.59011
2026-02-25 08:00:00,65028.3,65586.87,64955.79,65530.49,694.36389
2026-02-25 09:00:00,65530.48,65692.62,65396.47,65558.71,545.80832
2026-02-25 10:00:00,65558.71,65648.74,65345.0,65400.87,315.12553
2026-02-25 11:00:00,65400.87,65485.91,65200.8,65430.04,442.6001
2026-02-25 12:00:00,65430.04,66240.0,65324.62,66068.94,1316.71816
2026-02-25 13:00:00,66068.94,66684.1,66025.39,66248.62,1860.04287
2026-02-25 14:00:00,66248.63,67009.78,66202.66,66973.2,2180.16784
2026-02-25 15:00:00,66973.19,67578.0,66715.13,67412.33,2522.90832
2026-02-25 16:00:00,67412.32,68332.0,67404.0,68297.35,2059.42933
2026-02-25 17:00:00,68297.35,68879.96,68016.53,68674.2,2463.18666
2026-02-25 18:00:00,68674.2,69550.0,68373.33,69328.07,2105.00773
2026-02-25 19:00:00,69328.06,69406.93,68764.94,69038.26,1672.83962
2026-02-25 20:00:00,69038.26,69374.95,68619.22,69148.69,1076.93003
2026-02-25 21:00:00,69148.69,69988.83,68773.83,68919.72,1562.1195
2026-02-25 22:00:00,68919.72,69176.0,68055.91,68432.13,1092.88431
2026-02-25 23:00:00,68432.13,68696.97,67600.0,67988.04,1020.21792
2026-02-26 00:00:00,67988.04,68539.17,67727.52,68335.99,1134.56842
2026-02-26 01:00:00,68335.99,68700.0,68210.35,68248.3,619.19035
2026-02-26 02:00:00,68248.3,68351.0,67779.93,68257.45,833.1941
2026-02-26 03:00:00,68257.46,68379.59,68044.18,68216.86,408.51743
2026-02-26 04:00:00,68216.87,68860.0,68179.62,68571.36,587.55874
2026-02-26 05:00:00,68571.36,68571.37,68127.58,68443.81,486.81983
2026-02-26 06:00:00,68443.82,68522.0,68042.9,68176.75,618.63359
2026-02-26 07:00:00,68176.75,68290.18,67817.87,67825.04,840.14406
2026-02-26 08:00:00,67825.05,68236.0,67792.0,67954.01,761.69108
2026-02-26 09:00:00,67954.0,68644.59,67933.25,68589.41,1095.31619
2026-02-26 10:00:00,68589.41,68722.64,68257.64,68301.62,688.66072
2026-02-26 11:00:00,68301.61,68404.25,67965.46,68051.31,722.94931
2026-02-26 12:00:00,68051.3,68303.83,68009.88,68171.56,642.07881
2026-02-26 13:00:00,68171.55,68213.98,67848.69,67905.35,698.96783
2026-02-26 14:00:00,67905.34,68272.21,67264.22,67697.74,1769.26733
2026-02-26 15:00:00,67696.89,67743.36,66761.16,67382.0,2095.8814
2026-02-26 16:00:00,67382.0,67566.85,66500.0,66643.55,2050.20093
2026-02-26 17:00:00,66643.56,67044.1,66600.46,66826.8,885.82755
2026-02-26 18:00:00,66826.8,67373.9,66575.73,67310.53,1058.47196
2026-02-26 19:00:00,67310.53,67903.12,67285.99,67589.22,1235.95013
2026-02-26 20:00:00,67589.21,67831.11,67269.42,67414.07,597.88987
2026-02-26 21:00:00,67414.07,67575.97,67150.14,67463.65,299.84732
2026-02-26 22:00:00,67463.65,67630.22,67301.75,67572.3,291.6336
2026-02-26 23:00:00,67572.3,67656.11,67390.65,67485.18,314.51737
2026-02-27 00:00:00,67485.19,67537.84,67000.0,67226.5,462.9103
2026-02-27 01:00:00,67226.5,67398.86,66885.0,67352.26,818.15438
2026-02-27 02:00:00,67352.26,67546.15,67263.56,67266.58,463.09611
2026-02-27 03:00:00,67266.58,67712.16,67099.71,67600.84,415.67371
2026-02-27 04:00:00,67600.84,68216.8,67578.67,67747.49,1318.53811
2026-02-27 05:00:00,67747.49,67924.0,67683.3,67724.99,411.56603
2026-02-27 06:00:00,67725.0,67823.9,67525.46,67658.14,398.60368
2026-02-27 07:00:00,67658.14,67774.48,67459.3,67690.6,896.56486
2026-02-27 08:00:00,67690.6,68079.83,67655.86,67926.24,712.98047
2026-02-27 09:00:00,67926.25,68149.93,67284.22,67355.73,1377.2902
2026-02-27 10:00:00,67355.72,67416.78,66574.0,66604.91,1414.83211
2026-02-27 11:00:00,66604.9,66778.68,65960.01,66126.99,1399.59256
2026-02-27 12:00:00,66126.99,66217.42,65734.71,65928.01,1855.03329
2026-02-27 13:00:00,65928.01,66344.9,65649.34,66270.55,1278.55317
2026-02-27 14:00:00,66270.55,66334.87,65686.64,65887.59,1404.23206
2026-02-27 15:00:00,65887.59,66311.11,65845.18,66095.4,957.11978
2026-02-27 16:00:00,66095.4,66121.03,65462.93,65475.21,1135.56487
2026-02-27 17:00:00,65475.21,65765.06,65113.72,65703.19,1265.39709
2026-02-27 18:00:00,65703.18,65788.07,65228.33,65314.76,623.00837
2026-02-27 19:00:00,65314.76,65457.35,65172.6,65392.18,851.95591
2026-02-27 20:00:00,65392.18,65666.66,65392.18,65594.67,444.86468
2026-02-27 21:00:00,65594.67,65749.94,65400.0,65527.59,282.6564
2026-02-27 22:00:00,65527.59,65673.33,64914.46,65637.99,713.5349
2026-02-27 23:00:00,65638.0,65953.2,65551.67,65872.1,326.8612
2026-02-28 00:00:00,65872.09,66025.52,65721.13,65942.0,334.42449
2026-02-28 01:00:00,65942.01,65971.93,65743.71,65770.36,267.81274
2026-02-28 02:00:00,65770.36,66018.85,65761.94,65961.13,204.09288
2026-02-28 03:00:00,65961.13,65982.34,65745.39,65797.42,239.41397
2026-02-28 04:00:00,65797.42,65818.44,65488.0,65663.2,311.53682
2026-02-28 05:00:00,65663.21,65729.65,65500.0,65591.03,300.20395
2026-02-28 06:00:00,65591.03,65591.04,63030.0,63216.01,3175.19445
2026-02-28 07:00:00,63216.01,64327.22,63038.0,63826.0,2127.97927
2026-02-28 08:00:00,63825.99,63877.09,63411.39,63473.28,1118.13838
2026-02-28 09:00:00,63473.27,64005.35,63372.1,63658.54,737.11739
2026-02-28 10:00:00,63658.55,64053.93,63452.64,64010.39,1633.42712
2026-02-28 11:00:00,64010.38,64307.44,63791.25,63844.2,1245.63976
2026-02-28 12:00:00,63844.2,64082.66,63827.2,64017.19,474.84169
2026-02-28 13:00:00,64017.18,65216.97,63888.89,65106.44,1748.13055
2026-02-28 14:00:00,65106.45,65360.51,64278.5,64435.61,1331.97244
2026-02-28 15:00:00,64435.62,65020.75,64200.0,64841.18,731.53889
2026-02-28 16:00:00,64841.17,65206.25,64681.81,65094.3,500.23365
2026-02-28 17:00:00,65094.29,65555.0,64828.03,65442.62,595.58409
2026-02-28 18:00:00,65442.61,66157.61,65185.7,65911.84,830.58148
2026-02-28 19:00:00,65911.83,66666.65,65602.65,66362.01,1072.73124
2026-02-28 20:00:00,66362.01,67151.68,66190.61,66959.62,840.13263
2026-02-28 21:00:00,66959.63,67055.56,66368.42,66723.22,934.75984
2026-02-28 22:00:00,66723.23,67760.0,66608.82,67103.64,1310.09118
2026-02-28 23:00:00,67103.63,67210.0,66733.73,66973.26,483.13759
2026-03-01 00:00:00,66973.26,67121.8,66620.5,66791.29,560.35194
2026-03-01 01:00:00,66791.29,67703.32,66042.72,67339.36,1630.19028
2026-03-01 02:00:00,67339.36,68199.99,67339.36,67620.65,1861.8227
2026-03-01 03:00:00,67620.65,67813.33,67400.0,67502.16,637.99716
2026-03-01 04:00:00,67502.16,67612.14,67079.36,67346.5,631.60541
2026-03-01 05:00:00,67346.5,67574.65,67200.0,67292.09,437.89406
2026-03-01 06:00:00,67292.08,67345.8,66749.35,66926.68,1159.96329
2026-03-01 07:00:00,66926.69,67235.72,66784.58,67141.39,937.93278
2026-03-01 08:00:00,67141.4,67292.3,66389.33,66560.14,1475.81311
2026-03-01 09:00:00,66560.14,66771.1,66246.95,66410.08,815.73368
2026-03-01 10:00:00,66410.09,66731.47,66215.71,66467.06,621.17753
2026-03-01 11:00:00,66467.07,66661.61,66372.27,66468.03,338.19615
2026-03-01 12:00:00,66468.04,66550.0,66241.97,66296.48,388.82935
2026-03-01 13:00:00,66296.48,67360.57,66132.27,66934.79,1311.02111
2026-03-01 14:00:00,66934.8,67320.19,66752.58,66847.8,911.62631
2026-03-01 15:00:00,66847.8,67243.69,66828.6,66842.42,1028.55576
2026-03-01 16:00:00,66842.42,67112.37,65730.28,66135.45,1500.74296
2026-03-01 17:00:00,66135.45,66219.77,65699.98,65979.61,952.1973
2026-03-01 18:00:00,65979.61,66657.44,65979.61,66316.83,906.08265
2026-03-01 19:00:00,66316.84,66345.95,65772.29,65962.17,541.15631
2026-03-01 20:00:00,65962.16,65962.16,65084.02,65300.0,961.21349
2026-03-01 21:00:00,65300.01,65756.5,65281.83,65666.2,996.50526
2026-03-01 22:00:00,65666.19,66491.43,65056.0,65268.71,1763.29476
2026-03-01 23:00:00,65268.71,66080.0,65125.67,65776.47,831.95524
2026-03-02 00:00:00,65776.48,66796.44,65761.04,66501.52,990.0826
2026-03-02 01:00:00,66501.52,67079.0,66358.45,66532.02,886.93071
2026-03-02 02:00:00,66532.02,66609.94,65890.5,66276.77,554.16265
2026-03-02 03:00:00,66276.77,67037.22,66101.07,66820.03,509.4124
2026-03-02 04:00:00,66820.03,66975.74,66633.13,66862.12,750.65203
2026-03-02 05:00:00,66862.11,66995.64,66547.81,66730.78,887.19458
2026-03-02 06:00:00,66730.78,66739.45,66062.83,66204.9,677.75967
2026-03-02 07:00:00,66204.9,66209.46,65542.6,66007.52,1294.85905
2026-03-02 08:00:00,66007.8,66306.0,65654.54,66282.0,1104.41132
2026-03-02 09:00:00,66281.99,66720.84,66164.96,66168.62,1786.28426
2026-03-02 10:00:00,66168.61,66381.74,66079.24,66316.4,436.29038
2026-03-02 11:00:00,66316.39,66462.4,66003.59,66359.68,1034.77975
2026-03-02 12:00:00,66359.67,66391.38,65874.92,65963.43,763.09374
2026-03-02 13:00:00,65963.43,66157.28,65350.0,65440.01,1576.81345
2026-03-02 14:00:00,65440.01,67220.81,65259.21,67177.06,3015.13713
2026-03-02 15:00:00,67177.05,69617.74,66975.29,69130.2,5476.56874
2026-03-02 16:00:00,69130.2,70096.0,68933.69,69428.62,3440.03188
2026-03-02 17:00:00,69428.62,69578.0,68793.88,69198.0,1445.4415
2026-03-02 18:00:00,69198.0,69268.15,68727.83,68877.67,1055.7431
2026-03-02 19:00:00,68877.67,69049.32,68576.18,68966.53,886.89114
2026-03-02 20:00:00,68966.52,69505.0,68584.9,69106.58,1028.13825
2026-03-02 21:00:00,69106.58,69539.77,69000.71,69413.82,441.38382
2026-03-02 22:00:00,69413.82,69501.62,69136.36,69440.49,1330.59238
2026-03-02 23:00:00,69440.48,69479.58,68740.0,68830.06,637.72978
2026-03-03 00:00:00,68830.06,69166.61,68644.38,69092.88,602.91075
2026-03-03 01:00:00,69092.89,69258.08,68755.0,68760.01,452.46998
2026-03-03 02:00:00,68760.01,68774.13,68210.71,68512.17,848.26905
2026-03-03 03:00:00,68512.17,68550.0,68231.47,68377.94,458.44735
2026-03-03 04:00:00,68377.94,68454.63,68050.11,68123.2,436.46143
2026-03-03 05:00:00,68123.19,68617.42,67845.84,67947.75,913.85345
2026-03-03 06:00:00,67947.75,68250.24,67800.0,68106.73,821.19287
2026-03-03 07:00:00,68106.73,68275.2,67951.24,68172.8,1165.60519
2026-03-03 08:00:00,68172.79,68311.83,66905.0,67003.3,1883.4522
2026-03-03 09:00:00,67003.3,67184.71,66340.14,66647.98,1767.88336
2026-03-03 10:00:00,66647.98,67030.75,66440.46,66860.3,1159.50732
2026-03-03 11:00:00,66860.3,67166.5,66779.37,67026.61,1271.91624
2026-03-03 12:00:00,67026.6,67973.2,67025.93,67399.85,1323.51079
2026-03-03 13:00:00,67399.85,67435.0,66635.3,66931.31,709.75818
2026-03-03 14:00:00,66931.32,67603.94,66158.0,66568.95,1714.82463
2026-03-03 15:00:00,66568.95,67834.93,66471.79,67725.81,1695.1952
2026-03-03 16:00:00,67725.82,68999.0,67473.09,68175.9,2581.91143
2026-03-03 17:00:00,68175.89,68400.0,67626.53,68318.66,982.14848
2026-03-03 18:00:00,68318.66,68914.01,67976.47,68628.49,974.13002
2026-03-03 19:00:00,68628.5,68888.88,68312.83,68435.0,946.51026
2026-03-03 20:00:00,68435.0,68591.24,68092.1,68266.0,592.99873
2026-03-03 21:00:00,68265.99,68265.99,67832.3,68024.62,519.92364
2026-03-03 22:00:00,68024.63,68524.54,68024.62,68327.2,573.87256
2026-03-03 23:00:00,68327.2,68860.0,68245.64,68338.0,575.48869
2026-03-04 00:00:00,68338.01,68413.9,67857.61,68093.19,767.61923
2026-03-04 01:00:00,68093.2,68909.34,67963.28,68405.0,1294.62328
2026-03-04 02:00:00,68405.0,68447.72,67984.56,68323.33,798.11328
2026-03-04 03:00:00,68323.33,68383.63,67400.0,67732.2,954.50771
2026-03-04 04:00:00,67732.19,67954.89,67467.6,67786.0,1066.3898
2026-03-04 05:00:00,67786.0,68397.84,67682.64,68206.59,666.28769
2026-03-04 06:00:00,68206.58,68678.76,68048.63,68508.02,1288.48108
2026-03-04 07:00:00,68508.02,69668.0,68349.49,69493.13,2067.68212
2026-03-04 08:00:00,69493.14,71163.0,69098.91,71011.4,4675.3565
2026-03-04 09:00:00,71011.4,71893.0,70724.26,71520.76,4196.19004
2026-03-04 10:00:00,71520.76,71878.17,71200.0,71348.92,2079.39146
2026-03-04 11:00:00,71348.92,71499.75,70928.25,71111.4,1195.15977
2026-03-04 12:00:00,71111.4,71364.14,70588.0,71339.71,1486.53558
2026-03-04 13:00:00,71339.72,71624.99,71214.4,71477.17,1568.2684
2026-03-04 14:00:00,71477.17,72633.0,71300.1,71621.04,4139.0795
2026-03-04 15:00:00,71621.03,73479.75,71580.62,73396.88,4184.35996
2026-03-04 16:00:00,73396.87,73500.0,72541.69,73294.84,2627.55973
2026-03-04 17:00:00,73294.84,73759.99,72932.8,73218.92,2258.8783
2026-03-04 18:00:00,73218.93,73700.0,72912.11,73693.5,1121.5369
2026-03-04 19:00:00,73693.5,74050.0,73516.0,73611.1,2657.03129
2026-03-04 20:00:00,73611.67,73716.0,73001.05,73019.68,904.52712
2026-03-04 21:00:00,73019.69,73322.93,72878.0,73309.72,836.52696
2026-03-04 22:00:00,73309.73,73523.31,72638.29,72705.86,894.79856
2026-03-04 23:00:00,72705.86,72880.88,72313.04,72666.77,1190.17184
2026-03-05 00:00:00,72666.77,73000.0,72553.65,72760.0,1004.77646
2026-03-05 01:00:00,72759.99,73306.82,72409.1,72538.72,821.18852
2026-03-05 02:00:00,72538.72,72916.5,72336.76,72506.19,628.62779
2026-03-05 03:00:00,72506.18,72750.0,72344.51,72497.89,668.37206
2026-03-05 04:00:00,72497.89,73081.08,72447.96,72815.7,750.0071
2026-03-05 05:00:00,72815.7,72912.82,72260.74,72412.15,1085.89796
2026-03-05 06:00:00,72412.15,72655.23,72037.56,72553.62,1063.1049
2026-03-05 07:00:00,72553.63,72675.07,71759.95,72055.5,1447.01462
2026-03-05 08:00:00,72055.5,72370.21,71757.17,72333.7,1421.17898
2026-03-05 09:00:00,72333.7,72875.85,72298.83,72591.59,1160.78148
2026-03-05 10:00:00,72591.59,73558.15,72517.06,73388.92,1589.2678
2026-03-05 11:00:00,73388.91,73449.96,72766.75,72915.79,2091.15218
2026-03-05 12:00:00,72915.8,73063.38,72666.93,72890.73,729.99152
2026-03-05 13:00:00,72890.73,72935.3,72189.7,72467.79,1108.98859
2026-03-05 14:00:00,72467.79,72835.73,71944.18,72609.29,1446.63499
2026-03-05 15:00:00,72609.3,72770.0,71168.65,71652.77,2321.94313
2026-03-05 16:00:00,71652.77,71654.65,70786.06,71305.92,1736.25108
2026-03-05 17:00:00,71305.92,71572.0,70645.47,70704.41,1223.37093
2026-03-05 18:00:00,70703.37,71090.32,70656.63,70990.65,720.55573
2026-03-05 19:00:00,70990.66,71430.78,70870.0,70918.07,626.47744
2026-03-05 20:00:00,70918.08,71394.45,70840.0,71236.51,496.74041
2026-03-05 21:00:00,71236.51,71572.3,71023.52,71141.93,546.48691
2026-03-05 22:00:00,71141.93,71364.45,71074.45,71208.54,834.62565
2026-03-05 23:00:00,71208.54,71292.44,70777.0,70890.72,1067.0763
2026-03-06 00:00:00,70891.02,71047.95,70784.0,70988.19,673.4608
2026-03-06 01:00:00,70988.19,71301.74,70344.03,71257.2,1057.89391
2026-03-06 02:00:00,71257.2,71419.98,71036.0,71252.43,752.48392
2026-03-06 03:00:00,71252.43,71305.42,71000.0,71080.38,548.09403
2026-03-06 04:00:00,71080.37,71120.17,70270.21,70613.61,667.82412
2026-03-06 05:00:00,70613.61,70658.01,70143.19,70436.19,966.11543
2026-03-06 06:00:00,70436.18,70853.37,70261.23,70597.23,672.31367
2026-03-06 07:00:00,70597.23,71192.76,70468.97,71056.44,782.05786
2026-03-06 08:00:00,71056.44,71067.58,70735.85,70789.49,569.42569
2026-03-06 09:00:00,70789.49,70808.65,70300.0,70565.56,637.9756
2026-03-06 10:00:00,70565.56,70800.0,70467.88,70527.93,469.81877
2026-03-06 11:00:00,70527.93,70643.27,70184.01,70212.95,763.93539
2026-03-06 12:00:00,70212.94,70224.84,69660.0,69907.0,1907.43626
2026-03-06 13:00:00,69907.0,70341.76,69208.0,69208.0,2069.72961
2026-03-06 14:00:00,69213.18,69273.87,68176.47,68409.89,3148.50679
2026-03-06 15:00:00,68409.89,69100.0,68306.0,68504.71,1428.68549
2026-03-06 16:00:00,68504.71,68795.44,68222.0,68446.52,955.00949
2026-03-06 17:00:00,68446.52,68642.69,67744.78,67955.1,1236.78923
2026-03-06 18:00:00,67955.1,68476.47,67955.1,68181.2,514.98068
2026-03-06 19:00:00,68181.2,68485.01,68004.15,68131.79,617.63492
2026-03-06 20:00:00,68131.79,68285.71,67777.0,68111.03,668.6183
2026-03-06 21:00:00,68111.03,68333.33,67919.72,68289.1,604.80896
2026-03-06 22:00:00,68289.11,68440.92,68221.38,68319.89,304.91261
2026-03-06 23:00:00,68319.9,68371.24,68105.71,68114.02,611.37569
2026-03-07 00:00:00,68114.02,68394.09,68105.73,68290.45,653.38105
2026-03-07 01:00:00,68290.46,68369.11,68180.95,68262.01,316.06145
2026-03-07 02:00:00,68262.01,68367.73,68060.6,68350.04,316.96409
2026-03-07 03:00:00,68350.05,68551.04,68095.5,68095.5,450.32011
2026-03-07 04:00:00,68095.5,68147.73,67817.0,68063.43,621.66509
2026-03-07 05:00:00,68063.42,68140.49,67908.0,68018.26,493.88772
2026-03-07 06:00:00,68018.27,68021.14,67612.21,67690.86,489.36583
2026-03-07 07:00:00,67690.86,67865.23,67446.41,67842.67,768.74899
2026-03-07 08:00:00,67842.67,68045.07,67720.98,67795.4,465.95331
2026-03-07 09:00:00,67795.4,68074.97,67738.31,68000.0,332.46219
2026-03-07 10:00:00,68000.0,68102.73,67870.43,67880.31,319.42039
2026-03-07 11:00:00,67880.31,68232.27,67841.67,68010.01,372.24149
2026-03-07 12:00:00,68010.0,68085.41,67900.01,67992.54,359.03867
2026-03-07 13:00:00,67992.54,68081.16,67855.82,67931.06,318.23636
2026-03-07 14:00:00,67931.06,68083.79,67609.44,68016.7,473.27443
2026-03-07 15:00:00,68016.7,68034.67,67769.89,67877.45,577.84468
2026-03-07 16:00:00,67877.45,67889.68,67702.2,67783.63,349.2691
2026-03-07 17:00:00,67783.63,67935.01,67768.97,67788.41,217.68104
2026-03-07 18:00:00,67788.4,67788.41,67480.0,67568.13,1180.24782
2026-03-07 19:00:00,67568.13,67572.35,66915.26,67080.34,1312.2302
2026-03-07 20:00:00,67080.33,67437.5,67068.01,67402.98,590.47118
2026-03-07 21:00:00,67402.98,67483.05,67281.34,67452.98,638.99995
2026-03-07 22:00:00,67452.97,67469.87,67101.31,67258.65,706.81324
2026-03-07 23:00:00,67258.65,67403.85,67183.39,67262.91,394.96477
2026-03-08 00:00:00,67262.91,67481.96,67181.04,67194.77,552.27054
2026-03-08 01:00:00,67194.77,67353.57,67090.0,67297.27,565.85563
2026-03-08 02:00:00,67297.27,67426.52,66833.58,66925.44,765.90711
2026-03-08 03:00:00,66925.45,67083.1,66850.0,67000.26,999.40624
2026-03-08 04:00:00,67000.26,67100.01,66547.15,66637.36,1206.88314
2026-03-08 05:00:00,66637.35,67250.24,66617.76,67149.93,402.00353
2026-03-08 06:00:00,67149.93,67231.86,67035.18,67161.52,246.63235
2026-03-08 07:00:00,67161.52,67465.11,67154.91,67319.91,1010.57902
2026-03-08 08:00:00,67319.9,67577.36,67156.93,67539.33,1008.6246
2026-03-08 09:00:00,67539.34,67905.03,67474.0,67681.0,1111.87857
2026-03-08 10:00:00,67681.0,68200.0,67680.99,67904.14,646.22527
2026-03-08 11:00:00,67904.15,67904.15,67411.76,67515.0,536.67584
2026-03-08 12:00:00,67515.0,67650.94,66888.0,67324.72,902.41572
2026-03-08 13:00:00,67324.71,67431.81,66761.68,67234.86,1987.5897
2026-03-08 14:00:00,67234.86,67426.69,67055.73,67339.76,695.31699
2026-03-08 15:00:00,67339.75,67369.36,67080.0,67218.23,879.16155
2026-03-08 16:00:00,67218.23,67268.44,66802.47,66872.15,538.7559
2026-03-08 17:00:00,66872.15,67179.98,66800.01,67065.0,812.42846
2026-03-08 18:00:00,67065.0,67076.0,66745.54,66804.0,487.97779
2026-03-08 19:00:00,66803.99,67485.24,66779.82,67337.42,711.10669
2026-03-08 20:00:00,67337.41,67609.08,67028.45,67238.8,1144.93227
2026-03-08 21:00:00,67238.79,67266.0,66712.69,67020.01,959.03531
2026-03-08 22:00:00,67020.01,67020.01,65618.49,66236.8,2742.02435
2026-03-08 23:00:00,66236.8,66569.24,65930.3,65971.2,679.95244
2026-03-09 00:00:00,65971.2,66773.0,65821.97,66370.01,951.35538
2026-03-09 01:00:00,66370.01,66698.05,66131.25,66196.01,2263.78882
2026-03-09 02:00:00,66196.01,66707.58,65959.0,66537.32,752.57114
2026-03-09 03:00:00,66537.32,67668.64,66512.88,67205.05,1256.29482
2026-03-09 04:00:00,67205.06,67610.0,67093.09,67130.14,848.47762
2026-03-09 05:00:00,67131.1,68069.29,67113.02,67911.16,1145.71148
2026-03-09 06:00:00,67911.15,67939.55,67236.78,67267.18,578.70307
2026-03-09 07:00:00,67267.18,67575.81,66853.48,67555.13,1253.45589
2026-03-09 08:00:00,67555.13,67929.19,67391.89,67814.69,1615.43129
2026-03-09 09:00:00,67814.69,68460.09,67566.65,67981.02,1225.43841
2026-03-09 10:00:00,67981.03,68088.92,67556.72,67608.13,687.12244
2026-03-09 11:00:00,67608.13,67855.82,67344.45,67764.98,577.58612
2026-03-09 12:00:00,67764.99,68348.26,67759.57,68151.93,970.32854
2026-03-09 13:00:00,68151.93,69300.0,68133.93,68976.0,2460.13662
2026-03-09 14:00:00,68975.8,69480.0,68696.28,69151.5,2377.05802
2026-03-09 15:00:00,69151.5,69254.87,68717.86,68863.66,1995.45638
2026-03-09 16:00:00,68863.67,69225.0,68614.47,68960.12,1086.01117
2026-03-09 17:00:00,68960.12,69088.49,68270.34,68600.71,889.54053
2026-03-09 18:00:00,68600.71,68705.76,68179.12,68356.37,1350.25926
2026-03-09 19:00:00,68356.37,69516.65,68356.37,68991.93,1713.56623
2026-03-09 20:00:00,68991.93,69145.28,68762.2,68961.71,507.40424
2026-03-09 21:00:00,68961.15,69102.53,68660.94,68919.72,782.51759
2026-03-09 22:00:00,68919.71,69030.56,68597.0,68635.88,943.05059
2026-03-09 23:00:00,68635.88,68694.73,68384.69,68432.16,665.45565
2026-03-10 00:00:00,68432.16,69290.42,68391.41,69157.37,1134.03591
2026-03-10 01:00:00,69157.36,69389.06,68786.04,69260.01,1073.3002
2026-03-10 02:00:00,69260.0,70578.29,69103.12,70272.01,2010.9648
2026-03-10 03:00:00,70272.0,70370.86,69390.0,69429.85,1096.27179
2026-03-10 04:00:00,69429.85,70132.27,69429.85,70072.94,1112.05227
2026-03-10 05:00:00,70072.95,70355.06,69885.71,69971.34,874.03346
2026-03-10 06:00:00,69971.34,70185.24,69750.62,69910.91,1140.99151
2026-03-10 07:00:00,69910.91,70546.74,69805.7,70406.01,1780.20471
2026-03-10 08:00:00,70406.01,71097.64,70369.0,70709.37,1852.19984
2026-03-10 09:00:00,70709.37,71300.0,70653.24,71078.92,1664.83143
2026-03-10 10:00:00,71078.92,71086.86,70660.89,70774.04,1808.06147
2026-03-10 11:00:00,70774.04,70865.73,70540.4,70580.94,945.42456
2026-03-10 12:00:00,70580.95,70628.19,70290.88,70519.86,702.95479
2026-03-10 13:00:00,70519.86,70926.46,69723.25,69921.12,1644.54716
2026-03-10 14:00:00,69921.12,71527.54,69266.06,71467.81,2553.72955
2026-03-10 15:00:00,71467.81,71777.0,70900.05,71346.16,2098.87598
2026-03-10 16:00:00,71346.17,71700.0,70943.31,71268.59,1291.34054
2026-03-10 17:00:00,71268.58,71452.0,70512.64,70868.61,1383.6295
2026-03-10 18:00:00,70868.62,70914.9,69901.0,70013.87,1837.40169
2026-03-10 19:00:00,70013.87,70290.0,69739.0,70043.63,992.60769
2026-03-10 20:00:00,70043.63,70350.0,70007.52,70235.6,671.88971
2026-03-10 21:00:00,70236.34,70417.3,69541.91,69763.01,830.8687
2026-03-10 22:00:00,69763.02,69869.9,69452.42,69721.58,937.20086
2026-03-10 23:00:00,69721.58,69981.8,69698.46,69948.63,1165.15914
2026-03-11 00:00:00,69948.64,70173.25,69759.63,70044.87,728.92961
2026-03-11 01:00:00,70044.87,70144.0,69880.0,70071.26,947.24879
2026-03-11 02:00:00,70071.26,70119.59,69614.0,69810.72,1612.87548
2026-03-11 03:00:00,69810.73,69887.11,69488.7,69551.91,1113.41409
2026-03-11 04:00:00,69551.91,70281.87,69501.55,70130.99,759.416
2026-03-11 05:00:00,70130.99,70200.96,69420.0,69510.36,757.81378
2026-03-11 06:00:00,69510.37,69996.0,69500.01,69950.01,391.73761
2026-03-11 07:00:00,69950.01,70018.49,69500.67,69648.29,1171.57725
2026-03-11 08:00:00,69648.28,69786.32,69500.0,69662.24,672.55865
2026-03-11 09:00:00,69662.24,69752.06,69384.5,69466.75,939.05652
2026-03-11 10:00:00,69466.75,69726.45,69390.91,69604.9,1028.34397
2026-03-11 11:00:00,69604.9,69755.1,69150.28,69173.0,898.77254
2026-03-11 12:00:00,69172.99,69777.66,68977.91,69361.13,1045.64069
2026-03-11 13:00:00,69361.13,71091.18,69331.04,70186.09,2647.32148
2026-03-11 14:00:00,70186.08,70987.0,69906.77,70578.7,2251.77658
2026-03-11 15:00:00,70578.7,70654.43,69702.25,70227.91,1844.6963
2026-03-11 16:00:00,70227.92,70826.39,70161.78,70570.71,1837.92404
2026-03-11 17:00:00,70570.71,71321.0,70512.01,70785.99,2122.20651
2026-03-11 18:00:00,70785.99,70895.31,70415.27,70617.64,1134.13411
2026-03-11 19:00:00,70617.63,70742.38,70375.68,70641.82,644.23151
2026-03-11 20:00:00,70641.81,70700.0,70394.23,70634.96,383.34496
2026-03-11 21:00:00,70634.96,70777.17,70499.94,70741.26,576.42683
2026-03-11 22:00:00,70741.27,70950.0,70241.53,70373.01,1098.26512
2026-03-11 23:00:00,70373.01,70505.0,70125.83,70191.86,641.563
2026-03-12 00:00:00,70191.86,70353.87,70130.23,70225.34,658.09363
2026-03-12 01:00:00,70225.34,70226.94,69754.94,69841.31,760.55263
2026-03-12 02:00:00,69841.3,69887.93,69226.52,69286.56,742.38929
2026-03-12 03:00:00,69286.55,69628.25,69246.23,69446.61,415.13842
2026-03-12 04:00:00,69446.61,69676.88,69296.43,69372.0,436.68208
2026-03-12 05:00:00,69372.0,69539.61,69205.91,69480.54,734.74043
2026-03-12 06:00:00,69480.54,69561.84,69315.63,69501.44,719.76894
2026-03-12 07:00:00,69501.45,69865.98,69408.88,69826.19,830.78197
2026-03-12 08:00:00,69826.19,70116.37,69698.33,69917.37,1246.32882
2026-03-12 09:00:00,69917.36,70400.0,69580.0,69952.51,1284.31562
2026-03-12 10:00:00,69952.51,70511.0,69856.0,70412.11,911.03902
2026-03-12 11:00:00,70412.1,70800.0,70367.97,70427.91,1207.70061
2026-03-12 12:00:00,70427.9,70617.66,70277.38,70381.8,847.51801
2026-03-12 13:00:00,70381.8,70534.65,69645.0,69972.15,1340.7754
2026-03-12 14:00:00,69972.2,70660.69,69355.34,69590.09,2130.67842
2026-03-12 15:00:00,69590.09,70565.43,69476.14,70334.88,1778.50463
2026-03-12 16:00:00,70334.89,70569.15,69905.71,70381.16,1271.41787
2026-03-12 17:00:00,70381.15,70547.19,70076.16,70212.06,843.93551
2026-03-12 18:00:00,70212.05,70303.51,69800.0,69819.64,742.85798
2026-03-12 19:00:00,69819.64,70548.81,69770.85,70432.32,757.84664
2026-03-12 20:00:00,70432.33,70555.2,70111.28,70164.49,618.18553
2026-03-12 21:00:00,70164.5,70470.0,70164.5,70268.55,355.90233
2026-03-12 22:00:00,70268.54,70305.26,70013.17,70175.64,467.42484
2026-03-12 23:00:00,70175.64,70734.25,70159.35,70541.34,894.58188
2026-03-13 00:00:00,70541.34,72000.0,70386.01,71475.61,2857.31114
2026-03-13 01:00:00,71475.6,71759.95,71283.99,71672.39,975.74666
2026-03-13 02:00:00,71672.38,71696.68,71045.52,71143.8,994.81538
2026-03-13 03:00:00,71143.8,71508.87,70964.43,71405.75,927.82134
2026-03-13 04:00:00,71405.76,71493.77,71214.01,71393.94,780.92498
2026-03-13 05:00:00,71393.93,71637.54,71242.02,71546.29,1178.90406
2026-03-13 06:00:00,71546.28,71593.22,71180.19,71342.0,1081.97604
2026-03-13 07:00:00,71342.0,71672.76,71236.08,71612.22,1139.8319
2026-03-13 08:00:00,71612.23,72142.85,71385.28,71821.02,1820.16796
2026-03-13 09:00:00,71821.01,72100.37,71589.81,72006.57,925.21442
2026-03-13 10:00:00,72006.56,72575.98,71995.53,72458.12,1635.35127
2026-03-13 11:00:00,72458.11,72526.12,72207.41,72228.82,724.41705
2026-03-13 12:00:00,72228.81,72884.68,72210.0,72784.73,1142.93241
2026-03-13 13:00:00,72784.73,73585.27,72684.88,73379.18,3297.40201
2026-03-13 14:00:00,73379.18,73913.74,72350.0,72382.72,4558.05031
2026-03-13 15:00:00,72382.72,72829.12,71736.34,71831.46,3305.45471
2026-03-13 16:00:00,71831.46,72100.0,71154.54,71885.57,2334.3461
2026-03-13 17:00:00,71885.56,72249.99,70914.09,71037.93,1889.70074
2026-03-13 18:00:00,71037.93,71350.94,70841.23,71055.45,738.18799
2026-03-13 19:00:00,71055.45,71309.94,71006.19,71189.95,507.07823
2026-03-13 20:00:00,71189.96,71469.53,71150.0,71346.84,554.4729
2026-03-13 21:00:00,71346.84,71491.03,71058.25,71104.65,650.14338
2026-03-13 22:00:00,71104.65,71189.26,70559.02,70814.0,863.33877
2026-03-13 23:00:00,70814.0,71005.3,70688.45,70930.0,1113.02703
2026-03-14 00:00:00,70930.01,70951.8,70555.0,70631.97,763.50434
2026-03-14 01:00:00,70631.96,70941.05,70481.7,70831.7,791.55133
2026-03-14 02:00:00,70831.7,70948.66,70735.21,70783.27,1013.67533
2026-03-14 03:00:00,70783.27,71185.23,70783.26,71081.3,944.72261
2026-03-14 04:00:00,71081.31,71307.92,71021.11,71039.58,707.08065
2026-03-14 05:00:00,71039.57,71151.3,70916.96,71013.75,759.3407
2026-03-14 06:00:00,71013.75,71013.75,70317.0,70622.08,712.17672
2026-03-14 07:00:00,70622.09,70743.88,70489.03,70596.68,750.98425
2026-03-14 08:00:00,70596.68,70710.76,70536.58,70585.63,461.44808
2026-03-14 09:00:00,70585.64,70728.07,70400.0,70501.16,893.97396
2026-03-14 10:00:00,70501.16,70575.1,70389.08,70570.44,624.35522
2026-03-14 11:00:00,70570.44,70784.38,70562.66,70751.42,515.18098
2026-03-14 12:00:00,70751.42,70835.48,70616.44,70780.59,472.56223
2026-03-14 13:00:00,70780.59,70930.56,70711.54,70847.35,886.4995
2026-03-14 14:00:00,70847.34,70941.17,70578.76,70599.22,329.16955
2026-03-14 15:00:00,70599.23,70728.59,70501.0,70580.09,849.34654
2026-03-14 16:00:00,70580.09,70709.4,70500.0,70672.53,379.28346
2026-03-14 17:00:00,70672.52,70733.02,70590.0,70617.01,134.37087
2026-03-14 18:00:00,70617.01,70708.88,70559.35,70668.23,95.80359
2026-03-14 19:00:00,70668.23,70740.34,70595.14,70700.0,77.47303
2026-03-14 20:00:00,70699.99,70856.4,70650.09,70805.71,114.01852
2026-03-14 21:00:00,70805.71,70825.04,70661.06,70799.99,113.91325
2026-03-14 22:00:00,70799.99,70805.15,70695.29,70710.91,89.24315
2026-03-14 23:00:00,70710.9,71253.17,70710.9,71211.95,537.56951
2026-03-15 00:00:00,71211.95,71220.74,70967.59,70985.28,576.24004
2026-03-15 01:00:00,70985.29,71037.41,70858.82,70985.83,340.54476
2026-03-15 02:00:00,70985.84,71634.08,70985.84,71450.53,895.09143
2026-03-15 03:00:00,71450.54,71538.03,71240.68,71363.14,779.68802
2026-03-15 04:00:00,71363.13,71661.55,71330.66,71606.32,779.77883
2026-03-15 05:00:00,71606.31,71800.68,71476.0,71489.68,792.96245
2026-03-15 06:00:00,71489.67,71595.43,71373.75,71458.41,528.89919
2026-03-15 07:00:00,71458.41,71658.44,71411.88,71453.59,276.05348
2026-03-15 08:00:00,71453.59,71736.72,71453.59,71717.5,551.40345
2026-03-15 09:00:00,71717.5,71940.49,71713.9,71791.1,640.93656
2026-03-15 10:00:00,71791.11,71919.19,71714.37,71783.09,525.0135
2026-03-15 11:00:00,71783.1,71888.0,71659.71,71839.42,452.79199
2026-03-15 12:00:00,71839.41,71839.42,71560.21,71610.33,324.76249
2026-03-15 13:00:00,71610.33,71679.81,71263.99,71607.54,1108.48189
2026-03-15 14:00:00,71607.54,71635.56,71341.68,71622.03,452.09243
2026-03-15 15:00:00,71622.04,71626.0,71410.0,71481.24,210.01259
2026-03-15 16:00:00,71481.24,71586.75,71320.08,71437.35,302.61771
2026-03-15 17:00:00,71437.35,71989.93,71409.74,71819.95,365.80062
2026-03-15 18:00:00,71819.96,71885.55,71321.87,71390.53,321.10675
2026-03-15 19:00:00,71390.53,71582.83,71338.67,71549.94,251.59972
2026-03-15 20:00:00,71549.94,71930.0,71433.75,71730.81,236.54566
2026-03-15 21:00:00,71730.81,72222.0,71629.99,72109.58,459.80342
2026-03-15 22:00:00,72109.59,73081.77,71725.74,72749.44,1471.44945
2026-03-15 23:00:00,72749.45,73199.0,72420.44,72815.24,1393.63061
2026-03-16 00:00:00,72815.25,73008.94,72452.26,72531.26,685.4345
2026-03-16 01:00:00,72531.27,72852.28,72270.41,72752.9,715.87613
2026-03-16 02:00:00,72752.9,72852.28,72368.08,72514.69,487.11967
2026-03-16 03:00:00,72514.69,74330.34,72436.02,73573.32,3424.72669
2026-03-16 04:00:00,73573.31,74451.03,73573.31,73835.62,1907.76761
2026-03-16 05:00:00,73835.62,74258.07,73720.0,74207.49,1421.12171
2026-03-16 06:00:00,74207.49,74207.5,73610.0,73714.36,1229.39836
2026-03-16 07:00:00,73714.36,73924.83,73385.18,73456.68,958.93738
2026-03-16 08:00:00,73456.69,73776.13,72888.8,73135.0,1562.06854
2026-03-16 09:00:00,73135.0,73331.88,73057.25,73260.92,531.7209
2026-03-16 10:00:00,73260.92,73783.42,73202.89,73783.42,1038.45265
2026-03-16 11:00:00,73783.42,73838.76,73515.33,73552.77,680.69185
2026-03-16 12:00:00,73552.78,74044.0,73465.46,73864.8,921.55759
2026-03-16 13:00:00,73864.81,74509.52,73787.0,74109.55,1593.51066
2026-03-16 14:00:00,74109.56,74460.19,72990.52,73565.54,2204.69587
2026-03-16 15:00:00,73565.54,74030.0,73186.5,73274.76,1024.65577
2026-03-16 16:00:00,73274.75,73901.95,73160.66,73760.63,1016.72181
2026-03-16 17:00:00,73760.63,74065.7,73648.7,73943.18,906.04408
2026-03-16 18:00:00,73943.17,74356.32,73860.0,73913.6,1086.95746
2026-03-16 19:00:00,73913.6,74418.6,73781.54,73963.0,1122.08511
2026-03-16 20:00:00,73963.0,74248.95,73863.2,74236.9,424.59345
2026-03-16 21:00:00,74236.9,74799.0,74150.0,74401.36,1246.95221
2026-03-16 22:00:00,74401.35,74899.99,74378.43,74772.66,1058.73068
2026-03-16 23:00:00,74773.56,74909.08,74250.21,74884.67,1159.70951
2026-03-17 00:00:00,74884.67,75520.23,74614.18,75318.48,2173.5367
2026-03-17 01:00:00,75318.48,76000.0,75074.37,75623.91,1953.08873
2026-03-17 02:00:00,75623.91,75677.66,75114.67,75198.02,1068.24779
2026-03-17 03:00:00,75198.02,75326.15,74268.73,74463.98,1730.33731
2026-03-17 04:00:00,74463.98,74712.89,73980.16,74252.01,2017.11887
2026-03-17 05:00:00,74252.0,74459.99,73784.0,74036.74,1250.81696
2026-03-17 06:00:00,74036.74,74276.66,73877.56,74085.45,879.74749
2026-03-17 07:00:00,74085.46,74457.72,74066.4,74249.32,771.242
2026-03-17 08:00:00,74249.32,74452.97,74108.01,74188.38,461.65295
2026-03-17 09:00:00,74188.38,74406.03,73841.62,73937.16,864.16263
2026-03-17 10:00:00,73937.16,73960.74,73560.98,73729.45,1049.0691
2026-03-17 11:00:00,73729.45,74224.16,73682.01,74033.11,647.95804
2026-03-17 12:00:00,74033.1,74170.55,73672.25,73739.74,614.23436
2026-03-17 13:00:00,73739.74,74167.39,73399.19,73615.48,1159.88444
2026-03-17 14:00:00,73615.49,74425.31,73424.79,74381.7,1362.71508
2026-03-17 15:00:00,74381.69,74893.94,73669.91,73914.39,1370.72331
2026-03-17 16:00:00,73914.4,74350.0,73855.24,74155.69,747.87279
2026-03-17 17:00:00,74155.68,74594.0,74006.58,74523.75,826.10844
2026-03-17 18:00:00,74523.76,74769.17,74386.11,74683.04,707.46038
2026-03-17 19:00:00,74683.04,74800.0,74427.25,74512.17,768.60522
2026-03-17 20:00:00,74511.21,74685.5,74359.87,74506.75,466.76372
2026-03-17 21:00:00,74506.75,74799.0,74450.01,74685.42,618.20101
2026-03-17 22:00:00,74685.42,74772.14,73934.0,74307.08,488.30847
2026-03-17 23:00:00,74307.08,74398.74,73871.74,73909.36,523.41057
2026-03-18 00:00:00,73909.37,74063.22,73535.36,73867.88,673.31061
2026-03-18 01:00:00,73867.88,74211.43,73820.69,74072.3,537.72886
2026-03-18 02:00:00,74072.3,74476.0,74051.78,74338.93,549.53806
2026-03-18 03:00:00,74338.93,74672.34,74250.27,74446.14,459.80928
2026-03-18 04:00:00,74446.14,74486.3,74137.02,74175.49,472.35206
2026-03-18 05:00:00,74175.48,74312.11,73830.76,73950.0,662.80056
2026-03-18 06:00:00,73950.01,74225.82,73938.1,73954.03,652.79254
2026-03-18 07:00:00,73954.03,73997.04,73700.01,73883.8,504.7237
2026-03-18 08:00:00,73883.8,74130.02,73863.31,74044.89,735.50464
2026-03-18 09:00:00,74044.9,74281.33,74042.85,74181.08,347.16358
2026-03-18 10:00:00,74181.08,74267.77,73816.26,73946.35,478.90858
2026-03-18 11:00:00,73946.35,74074.84,72800.0,72952.85,1877.69179
2026-03-18 12:00:00,72952.85,72981.79,72271.11,72361.24,1819.95371
2026-03-18 13:00:00,72361.13,72556.81,71980.0,72133.49,1607.02731
2026-03-18 14:00:00,72133.48,72222.45,71100.0,71193.23,2385.98822
2026-03-18 15:00:00,71193.23,71531.54,70857.21,71467.82,2560.23665
2026-03-18 16:00:00,71467.82,71565.78,71037.34,71314.08,967.21409
2026-03-18 17:00:00,71314.07,71750.0,71199.87,71595.21,1025.9984
2026-03-18 18:00:00,71595.21,72000.5,70947.78,71096.74,1475.11719
2026-03-18 19:00:00,71096.75,71486.14,70933.85,71072.38,867.91916
2026-03-18 20:00:00,71072.38,71333.33,70500.0,71214.67,1180.62213
2026-03-18 21:00:00,71214.67,71451.22,71167.15,71263.67,338.26453
2026-03-18 22:00:00,71263.67,71269.02,70944.56,71153.66,520.94837
2026-03-18 23:00:00,71153.67,71365.4,71069.69,71246.54,691.26691
2026-03-19 00:00:00,71246.55,71321.81,70976.69,71002.17,887.95607
2026-03-19 01:00:00,71002.18,71182.44,70951.93,71115.23,391.40796
2026-03-19 02:00:00,71115.24,71252.83,70902.37,71055.44,554.97617
2026-03-19 03:00:00,71055.44,71613.79,71053.33,71215.39,593.60943
2026-03-19 04:00:00,71215.39,71215.39,70654.86,70822.07,702.86032
2026-03-19 05:00:00,70822.06,70909.88,70661.56,70826.54,416.16191
2026-03-19 06:00:00,70826.55,70979.99,70505.0,70583.22,619.8514
2026-03-19 07:00:00,70583.22,70600.04,69478.51,70191.17,2753.9557
2026-03-19 08:00:00,70191.16,70300.0,69900.0,69985.19,1015.64209
2026-03-19 09:00:00,69985.19,70560.91,69971.99,70513.0,1262.65596
2026-03-19 10:00:00,70513.0,70538.74,70117.0,70133.72,613.17552
2026-03-19 11:00:00,70133.73,70259.37,69909.09,69952.75,542.70053
2026-03-19 12:00:00,69952.75,69952.76,69105.49,69290.27,1452.42038
2026-03-19 13:00:00,69290.28,70084.35,69081.51,69905.65,1720.19325
2026-03-19 14:00:00,69905.65,70179.53,69096.16,69482.25,1636.49639
2026-03-19 15:00:00,69482.24,69917.87,68793.35,69412.51,1898.28931
2026-03-19 16:00:00,69412.52,69642.35,69177.19,69455.86,858.32753
2026-03-19 17:00:00,69455.86,69954.18,69122.03,69854.16,759.67868
2026-03-19 18:00:00,69854.15,69931.1,69581.55,69821.21,442.61763
2026-03-19 19:00:00,69821.21,70596.42,69805.33,70271.99,1190.55299
2026-03-19 20:00:00,70272.0,70676.0,70201.0,70483.03,488.71031
2026-03-19 21:00:00,70483.03,70695.6,70371.19,70413.47,418.78383
2026-03-19 22:00:00,70413.46,70501.89,69954.05,70183.99,551.7482
2026-03-19 23:00:00,70184.0,70282.47,69718.23,69930.0,592.04663
2026-03-20 00:00:00,69930.01,70311.12,69837.1,70181.0,871.72419
2026-03-20 01:00:00,70181.0,70588.5,70181.0,70403.79,526.82154
2026-03-20 02:00:00,70403.8,70516.16,70086.86,70415.47,312.91426
2026-03-20 03:00:00,70415.48,70809.43,70388.0,70729.92,711.57589
2026-03-20 04:00:00,70729.93,70969.71,70557.91,70783.69,546.53749
2026-03-20 05:00:00,70783.7,70867.44,70521.73,70606.24,367.69531
2026-03-20 06:00:00,70606.23,70646.93,70346.49,70502.9,758.81391
2026-03-20 07:00:00,70502.91,70939.58,70160.06,70854.66,936.89906
2026-03-20 08:00:00,70854.66,71367.0,70800.0,71042.23,1011.96314
2026-03-20 09:00:00,71042.23,71042.23,70419.65,70583.8,885.49116
2026-03-20 10:00:00,70583.81,70670.43,70218.68,70611.68,609.11713
2026-03-20 11:00:00,70611.68,70810.81,70303.36,70478.71,605.56445
2026-03-20 12:00:00,70478.71,70685.63,70251.0,70342.63,613.27107
2026-03-20 13:00:00,70342.63,70613.75,69795.7,69863.84,1225.89394
2026-03-20 14:00:00,69863.85,70268.66,69589.38,69731.21,1679.84994
2026-03-20 15:00:00,69731.2,70002.68,69480.0,69860.09,1196.90076
2026-03-20 16:00:00,69860.09,70100.0,69608.54,69829.26,922.25773
2026-03-20 17:00:00,69829.27,70039.78,69388.0,70000.0,998.84797
2026-03-20 18:00:00,69999.99,70071.81,69525.33,69770.0,630.4796
2026-03-20 19:00:00,69770.01,70190.18,69673.76,70177.86,528.39593
2026-03-20 20:00:00,70177.85,70259.28,69754.71,70057.66,435.39665
2026-03-20 21:00:00,70057.66,70726.13,69946.65,70540.73,780.46042
2026-03-20 22:00:00,70540.72,70923.75,70532.0,70767.85,591.69583
2026-03-20 23:00:00,70767.85,70771.13,70430.0,70510.73,372.60008
2026-03-21 00:00:00,70510.73,70826.0,70467.36,70682.19,274.67077
2026-03-21 01:00:00,70682.2,70758.5,70445.36,70464.59,375.95226
2026-03-21 02:00:00,70464.6,70785.9,70431.67,70737.6,316.88084
2026-03-21 03:00:00,70737.6,70784.07,70632.39,70657.35,226.82019
2026-03-21 04:00:00,70657.35,70819.0,70617.05,70642.13,487.10407
2026-03-21 05:00:00,70642.14,70834.46,70635.1,70697.94,941.44912
2026-03-21 06:00:00,70697.94,70831.14,70693.06,70774.65,857.26608
2026-03-21 07:00:00,70773.55,70879.76,70677.44,70727.33,431.42703
2026-03-21 08:00:00,70727.33,70753.79,70492.02,70594.43,956.10118
2026-03-21 09:00:00,70594.42,70735.36,70570.4,70661.59,204.69969
2026-03-21 10:00:00,70661.59,70695.32,70559.69,70605.64,524.32782
2026-03-21 11:00:00,70605.64,70652.73,70567.79,70652.72,360.21459
2026-03-21 12:00:00,70652.73,70800.0,70652.73,70722.61,199.41863
2026-03-21 13:00:00,70722.61,70812.74,70707.12,70740.18,171.5437
2026-03-21 14:00:00,70740.18,71100.94,70592.53,70629.1,873.72717
2026-03-21 15:00:00,70629.09,70760.0,70453.09,70630.02,399.45062
2026-03-21 16:00:00,70630.02,70652.64,70251.0,70301.66,435.70425
2026-03-21 17:00:00,70301.66,70426.18,70210.0,70304.08,444.648
2026-03-21 18:00:00,70303.45,70534.38,70290.48,70389.19,200.5858
2026-03-21 19:00:00,70389.18,70448.79,70324.7,70396.0,140.45698
2026-03-21 20:00:00,70396.01,70508.11,70358.9,70462.28,697.39549
2026-03-21 21:00:00,70462.27,70516.82,70268.06,70345.57,629.83259
2026-03-21 22:00:00,70345.57,70384.95,70265.55,70277.22,737.88495
2026-03-21 23:00:00,70277.21,70293.82,68571.42,68918.12,2509.60568
2026-03-22 00:00:00,68918.12,69155.86,68228.5,68954.71,2161.16442
2026-03-22 01:00:00,68954.7,69100.0,68762.31,68962.4,809.55651
2026-03-22 02:00:00,68962.4,69411.1,68951.21,69278.12,506.62838
2026-03-22 03:00:00,69278.12,69588.79,69123.13,69339.99,671.1404
2026-03-22 04:00:00,69340.0,69526.85,69215.89,69358.0,626.75701
2026-03-22 05:00:00,69358.0,69358.0,69150.0,69153.41,322.14134
2026-03-22 06:00:00,69153.41,69245.79,69059.87,69164.06,378.08519
2026-03-22 07:00:00,69164.06,69250.08,68892.93,68919.38,432.94301
2026-03-22 08:00:00,68919.37,68990.67,68523.96,68804.77,1053.77702
2026-03-22 09:00:00,68804.77,68901.65,68587.78,68826.2,383.82763
2026-03-22 10:00:00,68826.21,68847.83,68584.27,68648.17,360.03346
2026-03-22 11:00:00,68648.16,68691.03,68110.55,68217.95,784.4316
2026-03-22 12:00:00,68217.94,68763.18,68199.04,68654.83,484.243
2026-03-22 13:00:00,68654.83,68957.24,68548.32,68700.02,548.07349
2026-03-22 14:00:00,68700.02,68915.27,68542.1,68711.66,385.54476
2026-03-22 15:00:00,68711.66,69005.71,68700.0,68847.96,391.17296
2026-03-22 16:00:00,68847.97,68885.53,68665.62,68805.58,258.25035
2026-03-22 17:00:00,68805.58,68848.32,68665.34,68673.02,252.16281
2026-03-22 18:00:00,68672.85,68743.18,68344.57,68618.58,340.01718
2026-03-22 19:00:00,68618.57,68626.07,68145.01,68199.93,472.99305
2026-03-22 20:00:00,68199.93,68498.4,68080.0,68176.46,319.53245
2026-03-22 21:00:00,68176.47,68228.71,67360.66,67899.97,1535.47353
2026-03-22 22:00:00,67899.97,68396.94,67571.67,68339.37,856.561
2026-03-22 23:00:00,68339.38,68474.0,67839.99,67859.0,509.27627
2026-03-23 00:00:00,67859.0,68161.41,67445.18,67669.99,823.69218
2026-03-23 01:00:00,67670.0,68157.31,67536.01,67905.0,628.21786
2026-03-23 02:00:00,67905.0,68400.0,67801.67,68320.72,627.90507
2026-03-23 03:00:00,68320.72,68585.12,68059.88,68074.6,415.80047
2026-03-23 04:00:00,68074.6,68550.0,68057.56,68541.0,486.61149
2026-03-23 05:00:00,68541.0,68915.4,68541.0,68899.92,1162.54953
2026-03-23 06:00:00,68899.92,68904.42,67698.86,67874.19,1218.88217
2026-03-23 07:00:00,67874.2,68464.42,67502.48,68333.16,1946.35809
2026-03-23 08:00:00,68333.16,68696.91,68328.55,68434.26,1238.43118
2026-03-23 09:00:00,68434.27,68471.11,67916.14,68334.01,382.31585
2026-03-23 10:00:00,68334.01,68714.28,68299.82,68551.02,494.85509
2026-03-23 11:00:00,68551.02,71499.0,68544.15,70122.15,7050.35572
2026-03-23 12:00:00,70122.15,70877.35,69671.95,70752.15,1915.66623
2026-03-23 13:00:00,70752.14,71587.98,70600.0,71481.13,1712.52184
2026-03-23 14:00:00,71481.13,71817.09,71127.14,71446.46,1663.17727
2026-03-23 15:00:00,71446.46,71660.01,70103.21,70131.48,2051.70929
2026-03-23 16:00:00,70131.48,70753.43,70131.47,70561.54,1367.86918
2026-03-23 17:00:00,70561.54,71119.09,70363.63,71085.16,673.70407
2026-03-23 18:00:00,71085.16,71195.21,70879.85,71076.22,593.89042
2026-03-23 19:00:00,71076.22,71246.01,70649.4,70679.05,615.8582
2026-03-23 20:00:00,70679.04,70983.33,70559.03,70915.59,394.04509
2026-03-23 21:00:00,70915.59,70998.0,70827.66,70851.35,222.54858
2026-03-23 22:00:00,70851.36,70896.76,70520.22,70780.22,279.983
2026-03-23 23:00:00,70780.22,70998.0,70404.39,70906.45,368.14332
2026-03-24 00:00:00,70906.45,71099.96,70423.36,70679.2,735.8297
2026-03-24 01:00:00,70679.2,70891.53,70278.46,70516.57,730.30371
2026-03-24 02:00:00,70516.57,70698.0,70369.46,70453.37,431.98798
2026-03-24 03:00:00,70453.38,70583.36,70404.54,70542.9,380.97532
2026-03-24 04:00:00,70542.9,70741.64,70247.91,70372.44,474.91642
2026-03-24 05:00:00,70372.45,70374.38,70119.06,70283.85,641.69358
2026-03-24 06:00:00,70283.84,70572.83,70253.23,70541.38,850.05748
2026-03-24 07:00:00,70541.39,71400.0,70488.0,71291.7,1722.67702
2026-03-24 08:00:00,71291.7,71349.1,70850.11,70964.15,725.27631
2026-03-24 09:00:00,70964.16,71368.61,70851.77,71316.97,511.50447
2026-03-24 10:00:00,71316.98,71328.59,71078.09,71272.87,680.81546
2026-03-24 11:00:00,71272.87,71327.26,70964.94,71157.77,560.33228
2026-03-24 12:00:00,71157.77,71177.66,70860.18,70956.48,460.8181
2026-03-24 13:00:00,70956.48,71059.59,69968.02,70100.46,1729.62355
2026-03-24 14:00:00,70100.46,70462.91,69507.34,69869.93,1973.02189
2026-03-24 15:00:00,69869.93,70255.37,69770.85,69873.04,1419.67177
2026-03-24 16:00:00,69873.04,70001.92,69340.08,69476.87,889.76128
2026-03-24 17:00:00,69476.88,69512.73,68923.07,69238.43,1294.24297
2026-03-24 18:00:00,69238.44,69746.4,69168.64,69430.24,808.06583
2026-03-24 19:00:00,69430.25,69700.0,69277.04,69377.33,547.42601
2026-03-24 20:00:00,69377.33,70295.54,69296.15,70093.19,1018.45154
2026-03-24 21:00:00,70093.19,70400.0,69901.39,70332.93,686.65263
2026-03-24 22:00:00,70332.93,70586.86,70140.5,70316.96,686.91503
2026-03-24 23:00:00,70316.96,70832.54,70270.0,70556.74,741.40211
2026-03-25 00:00:00,70556.74,71100.28,70476.9,70840.75,784.33083
2026-03-25 01:00:00,70840.75,70977.35,70629.72,70677.18,624.19197
2026-03-25 02:00:00,70677.19,70781.39,70490.77,70531.09,582.86416
2026-03-25 03:00:00,70531.1,70808.37,70408.0,70716.7,513.15296
2026-03-25 04:00:00,70716.7,70977.49,70703.83,70968.64,623.46021
2026-03-25 05:00:00,70968.64,71345.0,70940.0,71117.66,850.19172
2026-03-25 06:00:00,71117.65,71260.0,70984.67,70991.83,934.75878
2026-03-25 07:00:00,70991.82,71270.11,70891.31,70926.88,470.72474
2026-03-25 08:00:00,70926.88,71503.94,70800.0,71248.39,1150.83138
2026-03-25 09:00:00,71248.4,71415.12,71101.99,71345.91,598.42707
2026-03-25 10:00:00,71345.91,71641.91,71291.69,71501.39,485.22161
2026-03-25 11:00:00,71501.4,72026.09,71470.49,71678.97,1053.03231
2026-03-25 12:00:00,71678.97,71955.17,71105.43,71715.24,1032.92186
2026-03-25 13:00:00,71715.24,71963.71,71515.84,71581.42,982.27587
2026-03-25 14:00:00,71581.42,71699.87,71230.51,71234.28,810.44092
2026-03-25 15:00:00,71234.28,71301.37,70530.47,70832.99,1384.84596
2026-03-25 16:00:00,70832.99,71752.88,70719.26,71324.01,1283.82328
2026-03-25 17:00:00,71324.01,71389.14,70720.38,70779.0,662.98589
2026-03-25 18:00:00,70778.99,71149.07,70681.07,70810.34,535.29926
2026-03-25 19:00:00,70810.34,71093.37,70777.51,70883.31,513.05944
2026-03-25 20:00:00,70883.32,71058.82,70646.34,71009.5,573.58151
2026-03-25 21:00:00,71009.5,71175.0,70949.3,71035.24,379.86408
2026-03-25 22:00:00,71035.25,71594.11,70947.61,71369.08,505.87572
2026-03-25 23:00:00,71369.07,71511.83,71189.55,71336.53,383.33913
2026-03-26 00:00:00,71336.53,71436.82,71142.38,71299.27,548.42613
2026-03-26 01:00:00,71299.27,71377.04,71159.06,71252.11,522.16838
2026-03-26 02:00:00,71252.11,71289.49,70672.37,70893.01,575.89477
2026-03-26 03:00:00,70893.01,70968.66,70685.69,70921.47,510.5495
2026-03-26 04:00:00,70921.47,70921.47,70721.46,70772.01,433.11432
2026-03-26 05:00:00,70772.01,70796.32,69942.96,70016.98,1271.74189
2026-03-26 06:00:00,70016.97,70152.63,69855.73,70097.18,1016.19011
2026-03-26 07:00:00,70097.19,70167.6,69805.0,70087.44,713.03812
2026-03-26 08:00:00,70087.44,70127.69,69806.39,70024.77,510.82818
2026-03-26 09:00:00,70024.78,70144.44,69409.67,69562.41,1313.07806
2026-03-26 10:00:00,69562.41,69719.96,69464.58,69517.68,694.15594
2026-03-26 11:00:00,69517.68,69667.56,69192.96,69276.01,803.66639
2026-03-26 12:00:00,69276.01,69461.28,69226.34,69436.42,589.82378
2026-03-26 13:00:00,69436.42,69877.45,69218.0,69646.59,1361.59869
2026-03-26 14:00:00,69646.59,69837.12,69259.25,69479.92,943.35709
2026-03-26 15:00:00,69479.91,69497.73,68632.4,69082.64,1805.07582
2026-03-26 16:00:00,69082.64,69142.94,68823.21,68932.52,949.52674
2026-03-26 17:00:00,68932.53,69162.0,68377.83,68486.86,1130.52816
2026-03-26 18:00:00,68486.86,68603.75,68153.0,68497.25,1402.56662
2026-03-26 19:00:00,68497.25,68681.54,68358.8,68534.36,543.97259
2026-03-26 20:00:00,68534.37,69478.42,68436.74,69005.21,1707.65634
2026-03-26 21:00:00,69005.21,69205.43,68879.05,68921.1,598.68777
2026-03-26 22:00:00,68921.1,69028.89,68603.24,68892.67,484.39394
2026-03-26 23:00:00,68892.66,68994.16,68640.0,68820.31,390.41835
2026-03-27 00:00:00,68820.31,68965.15,68531.37,68785.01,634.46014
2026-03-27 01:00:00,68785.0,69066.51,68700.0,69051.27,555.05692
2026-03-27 02:00:00,69051.27,69179.05,68862.0,68903.59,948.45642
2026-03-27 03:00:00,68903.58,68924.0,68668.72,68767.51,576.98772
2026-03-27 04:00:00,68767.5,68791.4,68304.14,68578.0,846.47748
2026-03-27 05:00:00,68577.99,68865.88,68511.79,68630.77,773.74806
2026-03-27 06:00:00,68630.76,68846.0,68567.62,68656.15,672.0882
2026-03-27 07:00:00,68656.16,68955.53,68399.18,68540.48,1641.76445
2026-03-27 08:00:00,68540.49,68635.07,67609.29,67920.5,1817.58289
2026-03-27 09:00:00,67920.51,67960.32,67548.67,67695.81,812.25094
2026-03-27 10:00:00,67695.81,67778.99,66326.38,66502.41,3012.9263
2026-03-27 11:00:00,66502.41,66848.05,66231.96,66702.78,1683.20205
2026-03-27 12:00:00,66702.78,66773.25,66432.19,66619.76,964.55681
2026-03-27 13:00:00,66619.75,66757.3,66025.0,66188.32,2427.72498
2026-03-27 14:00:00,66188.31,66404.0,65730.17,66205.06,2475.49917
2026-03-27 15:00:00,66205.07,66638.25,65958.75,66112.82,2405.26081
2026-03-27 16:00:00,66112.82,66177.99,65812.43,65979.29,1226.73521
2026-03-27 17:00:00,65979.29,66290.0,65600.0,65632.92,1002.16119
2026-03-27 18:00:00,65632.93,65951.96,65548.25,65836.69,915.82085
2026-03-27 19:00:00,65836.69,66145.0,65700.0,66040.66,818.3401
2026-03-27 20:00:00,66040.65,66152.51,65817.44,66020.76,511.09525
2026-03-27 21:00:00,66020.77,66186.01,66013.0,66098.0,636.71362
2026-03-27 22:00:00,66098.0,66098.01,65920.0,66020.79,739.86415
2026-03-27 23:00:00,66020.79,66420.75,65970.25,66407.28,504.92186
2026-03-28 00:00:00,66407.28,66520.46,66293.35,66431.55,499.89072
2026-03-28 01:00:00,66431.54,66431.55,66056.09,66178.85,613.17173
2026-03-28 02:00:00,66178.86,66251.67,65932.09,66053.2,490.39923
2026-03-28 03:00:00,66053.2,66259.66,66053.19,66240.0,705.96536
2026-03-28 04:00:00,66240.0,66304.72,66110.0,66285.01,452.84284
2026-03-28 05:00:00,66285.01,66407.96,66202.01,66341.9,675.62625
2026-03-28 06:00:00,66341.9,66500.0,66308.93,66382.0,485.97016
2026-03-28 07:00:00,66382.0,66573.61,66379.8,66561.48,737.38217
2026-03-28 08:00:00,66561.49,66570.09,66387.06,66409.33,708.34892
2026-03-28 09:00:00,66409.34,66416.77,66243.01,66311.32,634.09125
2026-03-28 10:00:00,66311.32,66411.79,66124.4,66221.38,306.12343
2026-03-28 11:00:00,66221.37,66358.0,66201.91,66319.47,223.42305
2026-03-28 12:00:00,66319.46,66527.01,66240.87,66455.09,344.10648
2026-03-28 13:00:00,66455.1,67163.99,66407.65,66835.1,1040.57902
2026-03-28 14:00:00,66835.1,66967.01,66666.66,66742.1,570.49869
2026-03-28 15:00:00,66742.09,67288.94,66717.15,67014.91,771.68723
2026-03-28 16:00:00,67014.92,67096.77,66855.24,66926.95,342.70522
2026-03-28 17:00:00,66926.94,66996.61,66704.0,66846.21,310.89662
2026-03-28 18:00:00,66846.2,66963.51,66834.87,66908.03,234.04169
2026-03-28 19:00:00,66908.03,66954.0,66804.71,66916.52,202.96743
2026-03-28 20:00:00,66916.52,67010.0,66906.0,66906.0,262.72665
2026-03-28 21:00:00,66906.0,66926.31,66600.01,66685.53,291.07026
2026-03-28 22:00:00,66685.53,66788.88,66588.22,66755.88,224.47432
2026-03-28 23:00:00,66755.88,66755.88,66283.38,66377.03,333.40975
2026-03-29 00:00:00,66377.04,66500.0,66281.4,66487.93,285.17232
2026-03-29 01:00:00,66487.93,66620.0,66385.88,66569.22,295.19169
2026-03-29 02:00:00,66569.22,66843.66,66540.96,66818.0,293.83335
2026-03-29 03:00:00,66818.01,67130.5,66760.48,66912.0,660.9466
2026-03-29 04:00:00,66912.0,66936.6,66717.51,66735.14,168.5724
2026-03-29 05:00:00,66735.14,66828.05,66597.1,66771.94,418.44564
2026-03-29 06:00:00,66771.94,66872.0,66636.0,66738.5,418.74617
2026-03-29 07:00:00,66738.5,66752.61,66556.78,66671.0,346.10727
2026-03-29 08:00:00,66671.0,66772.83,66600.0,66724.0,177.06023
2026-03-29 09:00:00,66724.0,66773.02,66549.54,66634.01,225.04256
2026-03-29 10:00:00,66634.01,66634.02,66418.0,66502.79,345.865
2026-03-29 11:00:00,66502.8,66988.01,66502.79,66816.28,336.66276
2026-03-29 12:00:00,66816.29,66870.34,66703.07,66849.88,185.85649
2026-03-29 13:00:00,66849.88,66875.24,66524.28,66580.36,359.5639
2026-03-29 14:00:00,66580.36,66797.01,66461.0,66589.64,372.89659
2026-03-29 15:00:00,66589.64,66730.6,66334.37,66523.0,518.27098
2026-03-29 16:00:00,66523.01,66665.05,66435.75,66499.35,232.56305
2026-03-29 17:00:00,66499.36,66546.0,66158.26,66385.84,329.15631
2026-03-29 18:00:00,66385.84,66540.43,66321.66,66427.26,147.43013
2026-03-29 19:00:00,66427.27,66477.81,66323.3,66348.62,285.67371
2026-03-29 20:00:00,66348.61,66793.83,66348.61,66614.05,280.05501
2026-03-29 21:00:00,66614.04,66756.51,66509.41,66710.12,220.10647
2026-03-29 22:00:00,66710.12,66710.12,65000.0,65860.31,2219.11979
2026-03-29 23:00:00,65860.31,66382.98,65859.91,66010.93,930.51742
2026-03-30 00:00:00,66010.93,67059.66,65800.59,66280.25,1328.87485
2026-03-30 01:00:00,66280.24,66834.79,66280.24,66653.74,685.87133
2026-03-30 02:00:00,66653.74,67450.0,66580.01,67121.01,1220.60217
2026-03-30 03:00:00,67121.01,67319.33,66977.62,67173.8,466.26604
2026-03-30 04:00:00,67173.8,67650.01,67167.92,67616.29,809.57231
2026-03-30 05:00:00,67616.28,67800.0,67442.0,67492.46,627.15632
2026-03-30 06:00:00,67492.46,67585.97,67278.53,67305.14,721.7835
2026-03-30 07:00:00,67305.14,67624.39,67227.88,67624.39,584.47106
2026-03-30 08:00:00,67624.39,67946.02,67604.56,67666.44,1729.15176
2026-03-30 09:00:00,67666.44,67698.62,67460.0,67495.46,607.44273
2026-03-30 10:00:00,67495.46,67518.37,67360.41,67488.53,255.63666
2026-03-30 11:00:00,67488.88,68042.3,67488.88,67680.45,790.86208
2026-03-30 12:00:00,67680.44,67979.93,67666.17,67899.59,627.65449
2026-03-30 13:00:00,67899.59,68169.65,67428.57,67529.52,1379.99177
2026-03-30 14:00:00,67529.52,67864.49,67088.73,67799.54,1205.57197
2026-03-30 15:00:00,67799.54,67896.89,67407.63,67629.4,964.70473
2026-03-30 16:00:00,67629.4,67641.65,67222.0,67368.1,660.26793
2026-03-30 17:00:00,67368.1,67465.2,66650.0,66828.02,917.71373
2026-03-30 18:00:00,66828.02,66929.18,66508.25,66653.46,498.11738
2026-03-30 19:00:00,66653.45,66664.57,66233.13,66550.05,597.89786
2026-03-30 20:00:00,66550.06,66691.48,66523.75,66651.4,324.61202
2026-03-30 21:00:00,66651.41,66994.17,66587.32,66809.3,481.422
2026-03-30 22:00:00,66809.3,66989.1,66683.72,66784.98,169.50316
2026-03-30 23:00:00,66784.97,66797.38,66419.79,66797.37,698.2419
2026-03-31 00:00:00,66797.38,67303.33,66544.51,67208.75,658.94529
2026-03-31 01:00:00,67208.74,68408.37,67050.0,67938.54,1458.05548
2026-03-31 02:00:00,67938.05,68096.87,67775.18,67943.43,435.18783
2026-03-31 03:00:00,67943.43,68009.99,67648.2,67704.74,387.87365
2026-03-31 04:00:00,67704.74,67979.38,67405.89,67544.01,1149.88888
2026-03-31 05:00:00,67544.01,67780.34,67400.0,67681.68,653.43122
2026-03-31 06:00:00,67681.69,67711.02,67333.33,67492.85,511.27605
2026-03-31 07:00:00,67492.86,67524.65,67103.32,67367.69,1579.98188
2026-03-31 08:00:00,67367.7,67496.0,66688.68,66778.33,897.84489
2026-03-31 09:00:00,66778.34,66924.33,65998.05,66124.99,1512.48446
2026-03-31 10:00:00,66125.0,66471.08,66100.01,66363.38,788.27557
2026-03-31 11:00:00,66363.38,66922.58,66240.14,66685.69,989.3859
2026-03-31 12:00:00,66685.69,66939.9,66520.71,66653.26,539.00678
2026-03-31 13:00:00,66653.27,67412.11,66653.27,67302.29,1087.22021
2026-03-31 14:00:00,67302.28,67767.87,66427.53,66587.45,1485.37387
2026-03-31 15:00:00,66587.46,67283.25,66587.46,66736.8,1025.58837
2026-03-31 16:00:00,66736.79,68030.19,66729.28,67665.83,1334.03651
2026-03-31 17:00:00,67665.83,68589.49,67403.81,67526.75,2195.81331
2026-03-31 18:00:00,67526.76,67947.98,67526.3,67854.05,426.40012
2026-03-31 19:00:00,67854.04,68029.41,67716.35,67838.8,435.2447
2026-03-31 20:00:00,67838.79,68267.27,67831.7,68265.53,693.06575
2026-03-31 21:00:00,68265.53,68410.3,67884.0,68277.99,494.48096
2026-03-31 22:00:00,68278.0,68341.16,67962.27,68172.87,755.55219
2026-03-31 23:00:00,68173.59,68371.1,68090.2,68284.48,610.99275
2026-04-01 00:00:00,68284.49,68343.77,67853.3,68330.75,542.79511
2026-04-01 01:00:00,68330.76,68378.64,67760.33,67782.73,966.68117
2026-04-01 02:00:00,67782.74,67913.98,67578.75,67668.89,1114.17912
2026-04-01 03:00:00,67668.9,68250.0,67668.9,68170.67,551.94514
2026-04-01 04:00:00,68170.67,68476.26,68005.33,68303.83,711.87735
2026-04-01 05:00:00,68303.83,68755.51,68150.0,68456.02,817.4812
2026-04-01 06:00:00,68456.01,69236.78,68456.01,69102.85,1241.29278
2026-04-01 07:00:00,69102.8,69310.0,68667.02,68692.0,1537.595
2026-04-01 08:00:00,68692.0,68851.35,68389.21,68670.16,1279.02403
2026-04-01 09:00:00,68670.15,68733.78,68390.25,68644.0,480.44871
2026-04-01 10:00:00,68644.01,68662.26,68407.08,68585.55,974.80784
2026-04-01 11:00:00,68585.55,68736.15,68505.91,68712.52,752.56981
2026-04-01 12:00:00,68712.52,68786.0,68248.3,68393.6,1365.22557
2026-04-01 13:00:00,68393.6,68681.25,67918.83,68116.07,1032.06992
2026-04-01 14:00:00,68116.06,68690.98,68059.38,68593.55,905.1708
2026-04-01 15:00:00,68593.56,68965.0,68428.94,68918.52,789.38357
2026-04-01 16:00:00,68918.52,68986.66,68610.0,68816.34,705.16345
2026-04-01 17:00:00,68816.35,69171.77,68247.17,68266.62,768.87563
2026-04-01 18:00:00,68266.62,68330.31,67939.28,68084.76,723.37275
2026-04-01 19:00:00,68084.76,68287.39,68028.19,68176.84,412.79717
2026-04-01 20:00:00,68176.84,68249.0,67964.48,68191.09,276.10606
2026-04-01 21:00:00,68191.09,68534.0,68171.56,68362.53,326.52766
2026-04-01 22:00:00,68362.53,68362.53,68070.38,68122.99,270.47066
2026-04-01 23:00:00,68122.99,68250.0,67996.89,68113.92,474.3294
2026-04-02 00:00:00,68113.92,68653.38,68050.0,68600.29,409.1904
2026-04-02 01:00:00,68600.29,68600.29,67050.84,67359.27,1944.08944
2026-04-02 02:00:00,67359.27,67359.27,66624.64,66852.99,1169.08434
2026-04-02 03:00:00,66852.99,66969.54,66500.0,66576.25,767.73135
2026-04-02 04:00:00,66576.25,66655.46,66217.07,66330.27,889.41375
2026-04-02 05:00:00,66330.27,66667.92,66311.0,66591.54,966.2787
2026-04-02 06:00:00,66591.54,66824.95,66548.45,66681.49,493.29026
2026-04-02 07:00:00,66681.48,66961.26,66557.33,66930.79,645.82875
2026-04-02 08:00:00,66930.79,66930.79,66180.0,66439.12,781.90752
2026-04-02 09:00:00,66439.12,66517.43,66294.0,66469.6,483.38047
2026-04-02 10:00:00,66469.6,66511.79,66229.55,66457.28,452.52391
2026-04-02 11:00:00,66457.28,66516.06,66167.1,66220.28,1122.63022
2026-04-02 12:00:00,66220.28,66248.51,65961.66,66052.71,1024.11018
2026-04-02 13:00:00,66052.71,66285.81,65712.12,66270.87,1225.30288
2026-04-02 14:00:00,66270.87,67104.86,66168.07,66868.18,1908.17735
2026-04-02 15:00:00,66868.17,66994.51,66646.36,66852.91,825.60342
2026-04-02 16:00:00,66852.91,67300.0,66759.28,67095.85,920.46412
2026-04-02 17:00:00,67095.85,67430.99,66666.66,66679.16,1455.89824
2026-04-02 18:00:00,66679.16,67065.35,66596.8,66981.99,929.27922
2026-04-02 19:00:00,66981.99,67109.09,66878.0,66975.99,436.15774
2026-04-02 20:00:00,66976.0,67100.0,66798.0,66939.25,284.18038
2026-04-02 21:00:00,66939.25,67012.09,66731.08,66935.93,272.54969
2026-04-02 22:00:00,66935.94,67037.48,66825.61,66982.48,352.22156
2026-04-02 23:00:00,66982.48,67096.68,66855.5,66901.99,444.18527
2026-04-03 00:00:00,66901.99,67000.0,66702.83,66785.86,388.08477
2026-04-03 01:00:00,66785.87,66905.61,66483.9,66630.0,613.9141
2026-04-03 02:00:00,66630.01,66750.57,66282.0,66533.81,625.3621
2026-04-03 03:00:00,66533.82,66724.17,66495.69,66579.97,581.20992
2026-04-03 04:00:00,66579.98,66699.99,66500.04,66602.66,733.15532
2026-04-03 05:00:00,66602.67,66808.5,66416.68,66600.35,822.39566
2026-04-03 06:00:00,66600.35,66800.0,66558.76,66796.79,434.2967
2026-04-03 07:00:00,66796.8,67247.38,66758.0,67042.08,883.37731
2026-04-03 08:00:00,67042.08,67288.0,66900.56,66965.39,717.16964
2026-04-03 09:00:00,66965.39,67007.93,66749.35,66859.58,291.40037
2026-04-03 10:00:00,66859.58,66898.97,66674.72,66883.08,215.33139
2026-04-03 11:00:00,66883.09,67057.42,66823.18,67017.44,215.91455
2026-04-03 12:00:00,67017.43,67370.42,66646.36,66722.16,808.01051
2026-04-03 13:00:00,66722.16,66735.62,66508.1,66672.0,554.93399
2026-04-03 14:00:00,66671.99,66990.59,66634.0,66929.81,530.03077
2026-04-03 15:00:00,66929.8,67028.37,66823.3,66827.15,465.79672
2026-04-03 16:00:00,66827.15,67069.0,66827.14,67010.46,361.0645
2026-04-03 17:00:00,67010.45,67067.0,66751.86,66855.01,378.12395
2026-04-03 18:00:00,66855.0,66930.0,66786.12,66812.03,187.13591
2026-04-03 19:00:00,66812.04,66911.19,66774.02,66885.74,289.39585
2026-04-03 20:00:00,66885.73,66919.61,66831.97,66831.98,141.97965
2026-04-03 21:00:00,66831.97,66970.18,66827.6,66964.21,378.17654
2026-04-03 22:00:00,66964.21,66970.17,66842.76,66888.76,287.42422
2026-04-03 23:00:00,66888.76,66964.3,66826.13,66964.3,525.44687
2026-04-04 00:00:00,66964.29,66968.28,66876.7,66893.39,159.1028
2026-04-04 01:00:00,66893.4,66924.48,66827.22,66852.0,418.46364
2026-04-04 02:00:00,66852.0,66919.41,66814.0,66844.83,138.81793
2026-04-04 03:00:00,66844.84,66910.22,66830.23,66832.18,86.81929
2026-04-04 04:00:00,66832.18,66876.32,66775.91,66860.73,180.50471
2026-04-04 05:00:00,66860.73,66936.72,66844.14,66916.29,629.01422
2026-04-04 06:00:00,66916.3,67049.94,66911.2,67013.24,254.32193
2026-04-04 07:00:00,67013.25,67052.99,66943.34,67014.96,664.43952
2026-04-04 08:00:00,67014.95,67057.42,66918.0,66940.0,398.19184
2026-04-04 09:00:00,66940.0,66994.52,66918.0,66988.05,295.09328
2026-04-04 10:00:00,66988.06,67167.0,66918.0,67167.0,290.85424
2026-04-04 11:00:00,67167.0,67232.72,67083.43,67156.93,363.18025
2026-04-04 12:00:00,67156.93,67185.0,67060.56,67097.87,140.59027
2026-04-04 13:00:00,67097.87,67267.0,67082.41,67193.44,362.06124
2026-04-04 14:00:00,67193.45,67223.51,67029.07,67215.24,369.07128
2026-04-04 15:00:00,67215.24,67562.93,67177.39,67383.66,635.57272
2026-04-04 16:00:00,67383.66,67520.85,67331.06,67366.68,294.26452
2026-04-04 17:00:00,67366.68,67416.48,67292.0,67329.4,254.01236
2026-04-04 18:00:00,67329.41,67380.98,67265.0,67295.47,120.36154
2026-04-04 19:00:00,67295.47,67543.6,67275.0,67288.42,189.77457
2026-04-04 20:00:00,67288.42,67295.81,67186.62,67268.4,186.97188
2026-04-04 21:00:00,67268.4,67504.54,67215.0,67359.2,238.4254
2026-04-04 22:00:00,67359.21,67470.93,67341.19,67399.92,306.3388
2026-04-04 23:00:00,67399.91,67399.99,67261.32,67300.42,397.2679
2026-04-05 00:00:00,67300.42,67307.28,67168.08,67225.0,431.18676
2026-04-05 01:00:00,67225.0,67230.0,67080.0,67085.0,369.56535
2026-04-05 02:00:00,67085.0,67174.92,66955.72,67170.16,252.42427
2026-04-05 03:00:00,67170.17,67188.09,67089.33,67145.98,163.69484
2026-04-05 04:00:00,67145.98,67188.51,67073.56,67101.65,92.89503
2026-04-05 05:00:00,67101.65,67154.98,66888.0,66931.65,466.39184
2026-04-05 06:00:00,66931.65,66940.0,66611.66,66802.24,728.34135
2026-04-05 07:00:00,66802.24,66914.48,66715.43,66820.64,615.79892
2026-04-05 08:00:00,66820.64,66940.0,66819.42,66933.18,227.07394
2026-04-05 09:00:00,66933.18,67048.64,66902.15,67035.15,293.93169
2026-04-05 10:00:00,67035.15,67150.0,66968.35,67046.01,288.35183
2026-04-05 11:00:00,67046.01,67087.22,66973.67,66999.0,253.07128
2026-04-05 12:00:00,66998.99,66999.0,66680.57,66783.58,607.98096
2026-04-05 13:00:00,66783.59,66918.03,66693.91,66890.7,361.31735
2026-04-05 14:00:00,66890.7,66963.95,66820.54,66918.03,296.0396
2026-04-05 15:00:00,66918.03,67856.16,66829.02,67306.64,1471.0776
2026-04-05 16:00:00,67306.65,67410.0,67173.4,67212.62,356.80623
2026-04-05 17:00:00,67212.61,67402.0,67187.95,67373.64,168.11139
2026-04-05 18:00:00,67373.64,67451.78,67281.38,67413.78,210.99631
2026-04-05 19:00:00,67413.78,67560.45,67276.67,67361.01,229.64378
2026-04-05 20:00:00,67361.01,67705.74,67332.66,67658.35,338.30366
2026-04-05 21:00:00,67658.35,67682.42,67408.07,67553.43,435.91664
2026-04-05 22:00:00,67553.44,68374.75,67347.05,68338.43,1201.92322
2026-04-05 23:00:00,68338.43,69136.2,68266.13,69034.18,1872.62368
2026-04-06 00:00:00,69034.18,69588.0,69034.18,69083.78,1917.91608
2026-04-06 01:00:00,69083.79,69139.63,68787.13,68810.18,991.41564
2026-04-06 02:00:00,68810.17,69408.39,68776.61,69207.99,951.83494
2026-04-06 03:00:00,69207.99,69259.06,69056.86,69123.69,641.74895
2026-04-06 04:00:00,69123.69,69217.68,68980.36,69141.8,640.03746
2026-04-06 05:00:00,69141.81,69247.0,69086.0,69199.31,664.48642
2026-04-06 06:00:00,69199.31,69354.26,68806.53,68976.67,805.10068
2026-04-06 07:00:00,68976.67,69215.37,68821.07,69115.91,705.20265
2026-04-06 08:00:00,69115.91,69347.85,69081.88,69224.63,514.80546
2026-04-06 09:00:00,69224.63,70283.32,69214.46,69728.0,2395.68342
2026-04-06 10:00:00,69728.01,69950.0,69708.13,69770.88,634.91449
2026-04-06 11:00:00,69770.88,69770.96,69565.01,69614.91,453.63795
2026-04-06 12:00:00,69614.91,69635.87,69329.23,69366.75,601.7024
2026-04-06 13:00:00,69366.76,69550.0,69235.09,69428.23,656.60844
2026-04-06 14:00:00,69428.23,69809.99,69163.86,69654.38,1336.92282
2026-04-06 15:00:00,69654.39,69973.25,69526.87,69968.87,814.13173
2026-04-06 16:00:00,69968.87,70351.46,69782.11,69799.14,1291.21899
2026-04-06 17:00:00,69799.14,69820.0,69282.02,69574.61,914.30002
2026-04-06 18:00:00,69574.62,69967.78,69479.49,69888.97,537.79955
2026-04-06 19:00:00,69888.97,69899.99,69583.33,69739.53,431.93913
2026-04-06 20:00:00,69739.52,69974.08,69625.0,69826.01,372.95882
2026-04-06 21:00:00,69826.0,69826.0,69423.09,69504.99,366.00988
2026-04-06 22:00:00,69504.99,69581.92,68811.0,68811.0,578.82627
2026-04-06 23:00:00,68811.01,68912.97,68300.0,68853.66,1062.40825
2026-04-07 00:00:00,68853.66,69128.2,68723.81,68775.7,908.20417
2026-04-07 01:00:00,68775.71,68900.63,68352.52,68400.01,682.14287
2026-04-07 02:00:00,68400.01,68713.92,68273.34,68674.0,382.32486
2026-04-07 03:00:00,68674.01,68800.94,68625.59,68779.21,449.64401
2026-04-07 04:00:00,68779.2,68981.83,68540.84,68854.65,480.37449
2026-04-07 05:00:00,68854.65,68866.0,68613.2,68669.0,546.70209
2026-04-07 06:00:00,68669.0,68669.01,68443.0,68568.35,488.73987
2026-04-07 07:00:00,68568.35,68703.72,68500.0,68624.61,307.81904
2026-04-07 08:00:00,68624.6,68984.48,68603.6,68936.71,338.93457
2026-04-07 09:00:00,68936.71,69247.9,68930.04,69150.05,436.92801
2026-04-07 10:00:00,69150.06,69199.87,68200.0,68237.93,899.01254
2026-04-07 11:00:00,68237.93,68455.96,68071.96,68345.75,598.71022
2026-04-07 12:00:00,68345.75,68599.13,68080.0,68392.18,738.67705
2026-04-07 13:00:00,68392.19,68633.87,68198.12,68231.99,822.0611
2026-04-07 14:00:00,68231.99,68258.26,67763.64,67860.48,1396.10082
2026-04-07 15:00:00,67860.49,68268.6,67732.01,68168.1,1084.45539
2026-04-07 16:00:00,68168.11,68454.23,68085.01,68229.99,654.26405
2026-04-07 17:00:00,68230.0,69000.0,68198.22,68705.81,1147.70463
2026-04-07 18:00:00,68705.82,68773.24,68358.1,68442.53,630.41269
2026-04-07 19:00:00,68442.52,69098.44,68358.1,69011.29,1385.03929
2026-04-07 20:00:00,69011.29,69535.26,69011.29,69319.39,1097.55478
2026-04-07 21:00:00,69319.39,70216.68,69311.84,69927.64,1742.03489
2026-04-07 22:00:00,69927.65,71528.0,69927.65,71514.09,2841.66596
2026-04-07 23:00:00,71514.1,72761.0,71194.9,71924.22,3690.98922
2026-04-08 00:00:00,71924.22,72110.65,71541.51,71710.19,1153.45069
2026-04-08 01:00:00,71710.19,71758.6,71452.68,71476.97,621.6206
2026-04-08 02:00:00,71476.98,71727.01,71240.99,71364.94,1153.76247
2026-04-08 03:00:00,71364.95,71479.97,71277.18,71287.39,441.23135
2026-04-08 04:00:00,71287.39,71676.77,71287.38,71566.18,721.11279
2026-04-08 05:00:00,71566.66,71831.6,71560.0,71731.1,821.79755
2026-04-08 06:00:00,71731.1,71941.42,71581.14,71732.69,811.19618
2026-04-08 07:00:00,71732.7,71902.0,71573.04,71627.59,943.84918
2026-04-08 08:00:00,71627.59,71831.08,71627.59,71800.0,501.15204
2026-04-08 09:00:00,71799.99,71955.0,71588.75,71678.87,419.9995
2026-04-08 10:00:00,71678.87,71790.0,71457.61,71476.98,514.219
2026-04-08 11:00:00,71476.97,71739.67,71407.77,71675.12,779.27898
2026-04-08 12:00:00,71675.12,72181.81,71581.76,72071.95,1226.00544
2026-04-08 13:00:00,72071.95,72857.0,71510.0,71600.01,2821.31683
2026-04-08 14:00:00,71600.0,71751.42,70707.23,70912.88,1895.54834
2026-04-08 15:00:00,70912.89,71349.05,70833.3,71310.0,873.16856
2026-04-08 16:00:00,71309.99,71699.0,71250.93,71602.1,757.94566
2026-04-08 17:00:00,71602.11,71963.94,71490.55,71888.19,682.09647
2026-04-08 18:00:00,71888.19,71888.2,71085.22,71099.63,703.75724
2026-04-08 19:00:00,71099.63,71372.22,71019.0,71318.48,473.49397
2026-04-08 20:00:00,71318.47,71481.7,71267.91,71372.93,226.24698
2026-04-08 21:00:00,71372.94,71748.0,71330.86,71551.39,367.89907
2026-04-08 22:00:00,71551.4,71571.6,71064.84,71064.84,374.67564
2026-04-08 23:00:00,71064.84,71204.0,70901.89,71069.93,517.86174
2026-04-09 00:00:00,71069.93,71133.71,70650.0,70815.5,677.85142
2026-04-09 01:00:00,70815.5,70956.7,70466.0,70928.89,495.03665
2026-04-09 02:00:00,70928.9,71198.8,70816.36,71060.64,664.15391
2026-04-09 03:00:00,71060.64,71124.05,70845.27,70992.39,808.25356
2026-04-09 04:00:00,70992.37,71006.13,70734.77,70782.0,304.15042
2026-04-09 05:00:00,70781.99,71087.12,70689.38,70984.0,495.401
2026-04-09 06:00:00,70983.99,71082.71,70809.94,71031.84,538.94746
2026-04-09 07:00:00,71031.83,71116.0,70955.4,70982.01,922.88611
2026-04-09 08:00:00,70982.01,71380.0,70865.42,71249.51,562.42694
2026-04-09 09:00:00,71249.51,71575.0,71109.99,71534.68,512.0201
2026-04-09 10:00:00,71534.69,71534.69,71276.44,71276.45,304.66693
2026-04-09 11:00:00,71276.45,71350.0,71038.5,71150.17,446.85377
2026-04-09 12:00:00,71150.17,71328.79,71040.0,71279.63,382.04593
2026-04-09 13:00:00,71279.63,71355.24,70629.3,70801.98,696.59545
2026-04-09 14:00:00,70801.97,71250.39,70522.77,71123.71,873.72309
2026-04-09 15:00:00,71123.71,72358.0,70929.44,72141.99,2048.75279
2026-04-09 16:00:00,72142.0,72399.0,71729.66,72080.87,1429.6831
2026-04-09 17:00:00,72080.86,72550.0,72062.38,72347.49,1415.90923
2026-04-09 18:00:00,72348.0,72380.7,71747.68,71888.69,560.32535
2026-04-09 19:00:00,71888.69,72300.0,71750.0,72096.32,607.89039
2026-04-09 20:00:00,72096.33,72458.31,71985.95,72413.97,497.89389
2026-04-09 21:00:00,72413.96,72700.0,72142.79,72264.95,771.79321
2026-04-09 22:00:00,72264.96,73145.0,71945.94,71946.01,1345.32358
2026-04-09 23:00:00,71946.01,72025.53,71585.25,71787.97,795.83731
2026-04-10 00:00:00,71787.98,72028.4,71573.35,71963.03,967.9743
2026-04-10 01:00:00,71963.04,72387.0,71673.48,72157.93,679.67117
2026-04-10 02:00:00,72157.93,72291.04,71921.59,71965.36,515.54191
2026-04-10 03:00:00,71965.36,72027.37,71813.73,71868.67,543.68867
2026-04-10 04:00:00,71868.67,72212.84,71820.47,72117.29,734.17151
2026-04-10 05:00:00,72117.29,72267.89,72010.4,72127.84,408.69549
2026-04-10 06:00:00,72127.84,72179.85,71792.01,71805.38,448.00931
2026-04-10 07:00:00,71805.39,71837.59,71428.0,71481.85,702.39043
2026-04-10 08:00:00,71481.85,71769.41,71426.15,71606.07,624.89096
2026-04-10 09:00:00,71606.08,71873.0,71583.47,71787.41,281.02303
2026-04-10 10:00:00,71787.41,71928.29,71711.6,71910.09,238.63388
2026-04-10 11:00:00,71910.1,72261.93,71903.69,72127.59,421.17579
2026-04-10 12:00:00,72127.59,72458.0,72007.5,72258.68,733.4245
2026-04-10 13:00:00,72258.69,72409.41,71899.51,72321.4,673.2668
2026-04-10 14:00:00,72321.39,73155.58,72258.0,72909.0,2362.6198
2026-04-10 15:00:00,72909.0,73289.96,72355.87,72460.51,1324.05053
2026-04-10 16:00:00,72460.52,73069.4,72387.41,72992.33,733.09003
2026-04-10 17:00:00,72992.32,73146.0,72802.96,73121.66,454.50524
2026-04-10 18:00:00,73121.66,73159.81,72880.95,73107.07,597.01721
2026-04-10 19:00:00,73107.07,73264.76,72900.0,73236.11,713.54118
2026-04-10 20:00:00,73236.11,73434.0,73051.97,73361.68,872.16866
2026-04-10 21:00:00,73361.68,73364.47,72934.53,73190.67,654.89865
2026-04-10 22:00:00,73190.68,73244.03,72700.6,72877.0,798.3469
2026-04-10 23:00:00,72877.01,72967.79,72791.96,72962.7,889.83693
2026-04-11 00:00:00,72962.71,72962.71,72787.94,72828.42,801.54149
2026-04-11 01:00:00,72828.42,72999.99,72670.0,72954.39,320.3002
2026-04-11 02:00:00,72954.39,73094.89,72910.93,72966.57,288.43552
2026-04-11 03:00:00,72966.58,73075.34,72814.42,72866.63,227.12944
2026-04-11 04:00:00,72866.62,72954.28,72681.9,72806.08,298.14959
2026-04-11 05:00:00,72806.08,72836.55,72679.08,72722.28,222.17067
2026-04-11 06:00:00,72722.28,72771.32,72612.16,72762.0,590.44339
2026-04-11 07:00:00,72762.01,72832.0,72672.56,72745.38,321.42327
2026-04-11 08:00:00,72745.38,72799.57,72638.44,72664.17,263.67236
2026-04-11 09:00:00,72664.16,72908.0,72617.75,72907.11,306.96352
2026-04-11 10:00:00,72907.12,72915.95,72760.9,72843.71,224.83128
2026-04-11 11:00:00,72843.7,72912.0,72826.37,72907.05,109.63598
2026-04-11 12:00:00,72907.05,72982.4,72814.97,72940.49,180.21756
2026-04-11 13:00:00,72940.5,72940.5,72513.09,72658.07,493.97275
2026-04-11 14:00:00,72658.07,72770.91,72609.27,72704.67,212.83973
2026-04-11 15:00:00,72704.66,72896.03,72678.0,72858.17,246.74388
2026-04-11 16:00:00,72858.18,73204.74,72812.94,73034.33,656.04744
2026-04-11 17:00:00,73034.34,73169.04,72942.06,73095.97,269.56328
2026-04-11 18:00:00,73095.97,73726.13,73032.61,73547.89,856.65701
2026-04-11 19:00:00,73547.9,73790.0,73472.38,73687.15,595.037
2026-04-11 20:00:00,73687.16,73689.97,73226.28,73290.43,395.49217
2026-04-11 21:00:00,73290.43,73548.08,73200.48,73427.04,366.94025
2026-04-11 22:00:00,73427.04,73574.0,73234.25,73376.01,431.15797
2026-04-11 23:00:00,73376.01,73376.01,72907.4,73043.16,391.57799
2026-04-12 00:00:00,73043.16,73117.32,72873.25,73079.96,390.45862
2026-04-12 01:00:00,73079.96,73137.24,71310.0,71643.69,2072.10202
2026-04-12 02:00:00,71643.69,71982.46,71352.47,71761.35,839.35622
2026-04-12 03:00:00,71761.35,71861.33,71593.18,71593.19,790.20901
2026-04-12 04:00:00,71593.18,71685.31,71444.68,71466.53,611.50691
2026-04-12 05:00:00,71466.53,71781.0,71417.22,71710.2,667.76838
2026-04-12 06:00:00,71710.19,71753.33,71633.77,71668.01,377.10612
2026-04-12 07:00:00,71668.01,71747.31,71588.57,71665.0,313.33908
2026-04-12 08:00:00,71664.99,71805.85,71595.0,71629.21,922.36362
2026-04-12 09:00:00,71629.21,71633.01,71488.45,71531.94,372.12981
2026-04-12 10:00:00,71531.95,71682.72,71357.76,71452.89,274.78665
2026-04-12 11:00:00,71452.89,71556.12,71412.57,71468.55,211.53603
2026-04-12 12:00:00,71468.54,71500.0,71077.44,71084.01,608.12473
2026-04-12 13:00:00,71084.01,71146.03,70866.82,70889.42,708.82478
2026-04-12 14:00:00,70889.42,71092.78,70700.0,70748.34,541.94034
2026-04-12 15:00:00,70748.34,70932.0,70604.07,70892.03,502.43194
2026-04-12 16:00:00,70892.04,70959.51,70821.05,70936.27,259.94883
2026-04-12 17:00:00,70936.27,71202.0,70900.0,71140.51,322.7326
2026-04-12 18:00:00,71140.51,71214.08,71056.2,71137.64,176.22609
2026-04-12 19:00:00,71137.65,71222.58,71078.76,71084.18,233.07874
2026-04-12 20:00:00,71084.18,71440.0,70956.83,71335.43,622.27061
2026-04-12 21:00:00,71335.43,71452.0,71163.01,71364.02,234.93742
2026-04-12 22:00:00,71364.03,71367.85,70505.88,70912.73,908.94869
2026-04-12 23:00:00,70912.73,70912.73,70571.66,70740.98,510.34077
2026-04-13 00:00:00,70741.56,71262.63,70615.3,71172.62,546.73984
2026-04-13 01:00:00,71172.63,71227.28,71027.26,71197.64,720.27854
2026-04-13 02:00:00,71197.64,71271.78,70986.71,71073.14,270.71272
2026-04-13 03:00:00,71073.14,71155.42,70917.27,70976.0,348.9161
2026-04-13 04:00:00,70975.99,71144.0,70854.29,70890.3,584.47308
2026-04-13 05:00:00,70890.3,70920.0,70672.72,70878.82,533.46945
2026-04-13 06:00:00,70878.82,71106.54,70878.82,71017.66,697.01918
2026-04-13 07:00:00,71017.66,71067.91,70685.25,70813.88,859.13978
2026-04-13 08:00:00,70813.88,70861.01,70566.99,70680.7,334.12518
2026-04-13 09:00:00,70680.7,70910.68,70678.0,70792.88,250.58431
2026-04-13 10:00:00,70792.89,70846.9,70688.28,70755.88,177.99631
2026-04-13 11:00:00,70755.89,70997.12,70736.29,70929.68,260.33899
2026-04-13 12:00:00,70929.68,71219.8,70758.5,71074.91,460.129
2026-04-13 13:00:00,71074.92,71700.82,70818.57,71662.65,1544.74455
2026-04-13 14:00:00,71662.65,72401.0,71375.24,72400.15,2098.23774
2026-04-13 15:00:00,72400.15,72464.28,71652.65,71866.59,1342.3378
2026-04-13 16:00:00,71866.59,72437.25,71679.8,72202.36,1514.19404
2026-04-13 17:00:00,72202.37,72600.0,72069.01,72148.87,1653.64723
2026-04-13 18:00:00,72148.87,72460.42,72053.78,72424.86,965.95939
2026-04-13 19:00:00,72424.86,73480.0,72298.93,73322.82,2632.95065
2026-04-13 20:00:00,73322.0,73394.37,73007.08,73149.36,1081.57049
2026-04-13 21:00:00,73149.36,73368.08,73072.85,73179.71,387.90227
2026-04-13 22:00:00,73179.71,74746.61,73172.01,74627.04,3298.60756
2026-04-13 23:00:00,74627.04,74900.0,74405.64,74417.99,1666.14205
2026-04-14 00:00:00,74418.0,74517.31,74102.39,74163.82,1276.45858
2026-04-14 01:00:00,74163.82,74431.0,73954.86,74386.02,1065.1631
2026-04-14 02:00:00,74386.03,74579.32,74283.2,74330.98,598.05117
2026-04-14 03:00:00,74330.99,74496.9,74252.35,74444.43,646.36946
2026-04-14 04:00:00,74444.44,74504.52,74351.55,74387.85,484.30563
2026-04-14 05:00:00,74387.85,74434.41,74150.6,74210.11,838.40961
2026-04-14 06:00:00,74210.12,74550.0,74210.12,74522.73,614.57152
2026-04-14 07:00:00,74522.72,74924.64,74430.92,74546.0,1456.55359
2026-04-14 08:00:00,74545.99,74910.0,74460.64,74750.0,938.29896
2026-04-14 09:00:00,74750.0,74830.93,74435.12,74500.0,565.8647
2026-04-14 10:00:00,74500.0,74617.92,74333.46,74350.01,540.18312
2026-04-14 11:00:00,74350.01,74450.63,74307.35,74376.52,653.35819
2026-04-14 12:00:00,74376.52,74485.06,74277.19,74452.0,513.51818
2026-04-14 13:00:00,74452.0,75532.94,74407.74,75525.94,3246.78739
2026-04-14 14:00:00,75525.94,76038.0,75013.61,75013.62,4357.56106
2026-04-14 15:00:00,75013.61,75441.99,74564.34,75317.07,1661.60412
2026-04-14 16:00:00,75317.06,75688.0,74527.02,74652.2,1265.45725
2026-04-14 17:00:00,74652.2,74948.78,74244.63,74748.9,985.979
2026-04-14 18:00:00,74748.89,74814.99,73795.47,74093.19,1613.97962
2026-04-14 19:00:00,74093.18,74398.43,73882.79,74223.18,1054.69346
2026-04-14 20:00:00,74223.3,74434.33,74015.53,74102.29,434.25271
2026-04-14 21:00:00,74102.28,74320.44,73951.64,74277.15,381.06364
2026-04-14 22:00:00,74277.16,74373.19,73806.09,74023.15,638.74603
2026-04-14 23:00:00,74023.16,74232.83,74001.08,74131.55,701.71447
2026-04-15 00:00:00,74131.55,74677.19,74126.32,74568.36,874.99865
2026-04-15 01:00:00,74568.37,74786.72,74500.0,74613.28,443.16738
2026-04-15 02:00:00,74613.28,74697.47,74188.0,74322.0,506.95652
2026-04-15 03:00:00,74322.01,74372.84,74173.75,74345.97,317.62112
2026-04-15 04:00:00,74345.98,74434.51,74261.47,74340.38,660.47305
2026-04-15 05:00:00,74340.38,74434.0,73864.01,74021.5,542.04465
2026-04-15 06:00:00,74021.5,74048.95,73855.49,73891.62,419.09008
2026-04-15 07:00:00,73891.62,74016.67,73514.0,73730.43,1451.80452
2026-04-15 08:00:00,73730.43,74181.9,73675.96,74110.51,532.83471
2026-04-15 09:00:00,74110.52,74176.49,73909.49,74011.69,363.2179
2026-04-15 10:00:00,74011.7,74250.0,73789.5,73864.75,548.88747
2026-04-15 11:00:00,73864.76,74256.44,73864.76,74201.78,444.7329
2026-04-15 12:00:00,74201.78,74466.1,74051.64,74273.77,567.44529
2026-04-15 13:00:00,74273.77,74434.51,73817.23,74063.92,676.35905
2026-04-15 14:00:00,74063.91,74506.84,73830.0,74151.81,757.76569
2026-04-15 15:00:00,74151.81,74299.07,73580.85,73844.08,743.29132
2026-04-15 16:00:00,73844.07,74176.0,73762.89,73941.09,547.84936
2026-04-15 17:00:00,73941.09,74242.0,73915.48,74134.95,593.44252
2026-04-15 18:00:00,74134.95,74399.75,74073.61,74390.29,407.09098
2026-04-15 19:00:00,74390.29,75281.0,74355.46,75002.6,1179.99077
2026-04-15 20:00:00,75002.6,75039.92,74512.06,74841.68,570.09892
2026-04-15 21:00:00,74841.67,74855.16,74540.23,74743.1,310.66035
2026-04-15 22:00:00,74743.1,75425.0,74740.02,74964.0,653.95001
2026-04-15 23:00:00,74964.01,74964.01,74620.95,74809.99,311.26846
2026-04-16 00:00:00,74809.99,74874.93,74451.49,74815.1,636.94865
2026-04-16 01:00:00,74815.09,74815.09,74454.09,74657.66,240.65148
2026-04-16 02:00:00,74657.67,75267.85,74601.27,74887.24,589.65615
2026-04-16 03:00:00,74887.23,75159.26,74865.5,74888.21,470.71966
2026-04-16 04:00:00,74888.21,75174.38,74728.0,74944.15,513.51186
2026-04-16 05:00:00,74944.15,75139.82,74900.0,75043.48,359.01217
2026-04-16 06:00:00,75043.47,75115.12,74853.72,75045.01,604.84284
2026-04-16 07:00:00,75045.01,75082.78,74636.0,74707.03,708.0609
2026-04-16 08:00:00,74707.02,74744.35,74500.0,74677.91,669.8621
2026-04-16 09:00:00,74677.91,74901.5,74594.01,74594.02,316.26697
2026-04-16 10:00:00,74594.02,74653.12,74277.34,74313.0,526.53069
2026-04-16 11:00:00,74312.99,74663.27,74285.0,74574.79,1174.6136
2026-04-16 12:00:00,74574.8,74872.0,74574.79,74624.0,529.55969
2026-04-16 13:00:00,74624.01,75030.39,73309.85,73788.03,1828.93731
2026-04-16 14:00:00,73788.03,74197.32,73426.94,73973.33,1331.31817
2026-04-16 15:00:00,73973.33,74878.99,73934.44,74697.19,1520.20876
2026-04-16 16:00:00,74697.2,74932.0,74063.0,74175.57,762.35705
2026-04-16 17:00:00,74175.58,74438.31,73912.23,74343.25,751.1945
2026-04-16 18:00:00,74343.25,75089.0,74240.0,75026.71,780.63438
2026-04-16 19:00:00,75026.71,75410.71,74717.97,75342.99,1203.37407
2026-04-16 20:00:00,75343.0,75534.76,75001.0,75223.47,661.71844
2026-04-16 21:00:00,75223.48,75286.51,74789.5,74934.24,451.58433
2026-04-16 22:00:00,74934.24,75117.0,74833.14,74867.92,232.35004
2026-04-16 23:00:00,74867.92,75177.76,74840.92,75154.29,224.77396
2026-04-17 00:00:00,75154.28,75154.77,74886.82,74944.98,796.37355
2026-04-17 01:00:00,74944.99,75034.49,74569.99,74750.0,407.29847
2026-04-17 02:00:00,74750.0,74802.98,74529.4,74700.0,235.53372
2026-04-17 03:00:00,74700.0,74839.31,74606.12,74615.82,721.66261
2026-04-17 04:00:00,74615.82,74871.11,74589.88,74791.39,213.9543
2026-04-17 05:00:00,74791.39,74801.13,74555.12,74637.77,241.61979
2026-04-17 06:00:00,74637.77,74950.0,74604.62,74938.52,276.57366
2026-04-17 07:00:00,74938.53,75089.51,74930.0,75074.77,607.34373
2026-04-17 08:00:00,75074.76,75881.95,74993.24,75780.38,1494.62708
2026-04-17 09:00:00,75780.38,76370.25,75518.78,75779.99,2004.70646
2026-04-17 10:00:00,75779.99,75886.01,75095.93,75278.77,1050.31882
2026-04-17 11:00:00,75278.77,75609.77,75246.65,75589.7,429.61331
2026-04-17 12:00:00,75589.7,76265.82,75531.97,76233.05,1128.91448
2026-04-17 13:00:00,76233.06,77417.61,76061.57,77340.12,5123.01639
2026-04-17 14:00:00,77340.11,78052.49,77015.39,77886.77,3617.10048
2026-04-17 15:00:00,77886.77,77999.0,77444.44,77785.02,1975.14451
2026-04-17 16:00:00,77785.03,78333.0,77705.2,77857.14,1402.18359
2026-04-17 17:00:00,77857.15,77917.77,77101.49,77520.59,1173.45635
2026-04-17 18:00:00,77520.59,77565.63,77088.23,77159.89,637.39265
2026-04-17 19:00:00,77159.88,77473.44,77000.0,77393.58,652.45495
2026-04-17 20:00:00,77393.58,77611.68,77160.12,77337.64,357.23206
2026-04-17 21:00:00,77337.64,77494.69,77278.72,77445.73,307.76412
2026-04-17 22:00:00,77445.74,77510.0,77274.56,77301.25,474.88113
2026-04-17 23:00:00,77301.25,77302.0,76911.0,77072.0,612.20073
2026-04-18 00:00:00,77072.01,77258.55,76978.17,77168.0,324.03843
2026-04-18 01:00:00,77168.22,77330.0,77115.77,77218.07,266.4299
2026-04-18 02:00:00,77218.06,77420.08,77124.63,77292.52,268.04149
2026-04-18 03:00:00,77292.53,77296.95,76962.67,77005.47,268.91717
2026-04-18 04:00:00,77005.47,77162.08,76884.1,77100.74,370.07883
2026-04-18 05:00:00,77100.73,77278.58,77100.73,77134.66,312.05483
2026-04-18 06:00:00,77134.66,77217.0,77058.4,77136.01,168.72376
2026-04-18 07:00:00,77136.01,77136.01,76890.0,76997.8,276.05173
2026-04-18 08:00:00,76997.79,77048.0,76501.0,76738.63,773.24357
2026-04-18 09:00:00,76738.62,76738.63,76409.37,76599.89,462.93265
2026-04-18 10:00:00,76599.89,76599.9,76132.32,76189.56,624.93038
2026-04-18 11:00:00,76189.55,76189.56,75763.76,76039.05,809.07399
2026-04-18 12:00:00,76039.06,76300.0,76039.05,76206.97,492.57948
2026-04-18 13:00:00,76206.98,76212.7,75797.53,76122.87,456.87331
2026-04-18 14:00:00,76122.88,76288.4,75959.68,76249.99,461.97289
2026-04-18 15:00:00,76250.0,76363.75,76003.97,76167.34,261.12334
2026-04-18 16:00:00,76167.33,76211.57,75691.03,75943.35,522.36094
2026-04-18 17:00:00,75943.34,75958.23,75778.69,75828.51,256.05723
2026-04-18 18:00:00,75828.51,75844.66,75445.16,75651.78,591.47146
2026-04-18 19:00:00,75651.78,75796.32,75574.22,75649.85,194.3187
2026-04-18 20:00:00,75649.86,75834.3,75608.44,75754.78,484.97143
2026-04-18 21:00:00,75754.77,75839.1,75599.64,75821.34,197.94348
2026-04-18 22:00:00,75821.35,75873.1,75608.89,75813.53,155.69572
2026-04-18 23:00:00,75813.53,75891.64,75685.69,75691.76,141.95985
2026-04-19 00:00:00,75691.76,75847.42,75551.73,75693.01,297.06433
2026-04-19 01:00:00,75693.0,75798.47,75457.11,75621.95,321.53516
2026-04-19 02:00:00,75621.96,75722.21,75407.84,75496.0,212.48934
2026-04-19 03:00:00,75496.01,75637.44,75357.0,75515.77,175.28804
2026-04-19 04:00:00,75515.76,75782.63,75424.4,75664.62,294.60425
2026-04-19 05:00:00,75664.62,75687.04,75516.39,75545.6,174.63786
2026-04-19 06:00:00,75545.6,75545.6,75280.92,75400.09,385.31594
2026-04-19 07:00:00,75400.09,75400.09,74867.72,75252.34,771.61495
2026-04-19 08:00:00,75252.33,75299.99,75071.58,75257.6,333.58261
2026-04-19 09:00:00,75257.59,75265.0,74921.74,75015.0,313.21615
2026-04-19 10:00:00,75015.0,75243.02,74933.87,75222.45,323.18472
2026-04-19 11:00:00,75222.46,75641.99,75216.96,75604.11,418.71675
2026-04-19 12:00:00,75604.11,75700.0,75432.07,75571.6,439.48255
2026-04-19 13:00:00,75571.61,76240.66,75552.44,75921.75,760.39543
2026-04-19 14:00:00,75921.75,76147.01,75674.55,76024.01,621.24056
2026-04-19 15:00:00,76024.02,76155.3,75401.44,75846.63,1097.76631
2026-04-19 16:00:00,75846.63,75853.26,75311.11,75382.86,403.71917
2026-04-19 17:00:00,75382.87,75382.87,74638.31,74791.26,795.68148
2026-04-19 18:00:00,74791.27,74908.62,74608.0,74770.11,531.16281
2026-04-19 19:00:00,74770.11,75071.61,74770.11,74965.47,306.83274
2026-04-19 20:00:00,74965.46,74965.47,74427.53,74630.0,452.71123
2026-04-19 21:00:00,74630.01,74810.0,74368.6,74425.15,383.54881
2026-04-19 22:00:00,74425.16,74425.16,73762.9,74047.34,1140.3898
2026-04-19 23:00:00,74047.34,74054.22,73790.0,73801.79,415.64133
2026-04-20 00:00:00,73801.8,74360.43,73724.31,74280.01,787.93368
2026-04-20 01:00:00,74280.01,74746.93,74214.67,74595.13,689.61016
2026-04-20 02:00:00,74595.12,74627.99,74304.84,74410.01,739.68976
2026-04-20 03:00:00,74410.01,74640.65,74359.04,74634.0,281.2031
2026-04-20 04:00:00,74634.01,74637.43,74435.19,74567.64,333.76794
2026-04-20 05:00:00,74567.63,74567.63,74095.18,74264.15,529.73957
2026-04-20 06:00:00,74264.16,74894.11,74250.0,74786.59,441.3007
2026-04-20 07:00:00,74786.59,75572.0,74670.86,74837.17,1175.74482
2026-04-20 08:00:00,74837.18,74998.83,74619.41,74728.91,538.52852
2026-04-20 09:00:00,74728.92,75233.0,74706.87,75062.77,502.56404
2026-04-20 10:00:00,75062.77,75404.63,75003.63,75027.26,321.321
2026-04-20 11:00:00,75027.26,75287.88,74957.51,75192.71,284.12016
2026-04-20 12:00:00,75192.72,75650.0,75043.86,75289.9,698.85484
2026-04-20 13:00:00,75289.91,75434.41,74859.11,75269.38,774.09093
2026-04-20 14:00:00,75269.37,75766.74,74921.42,75034.79,1047.20928
2026-04-20 15:00:00,75034.79,75772.72,74702.0,75716.77,1196.9526
2026-04-20 16:00:00,75716.78,75723.99,75299.26,75338.74,630.71705
2026-04-20 17:00:00,75338.75,75991.47,75289.92,75898.14,642.61045
2026-04-20 18:00:00,75898.14,76453.19,75898.14,76423.69,1544.76303
2026-04-20 19:00:00,76423.69,76486.67,76154.49,76296.96,1368.12243
2026-04-20 20:00:00,76296.97,76558.62,76113.07,76276.17,1418.8575
2026-04-20 21:00:00,76276.18,76357.2,75784.05,75954.71,523.28232
2026-04-20 22:00:00,75954.72,76143.71,75904.39,75974.24,220.6417
2026-04-20 23:00:00,75974.24,75974.24,75617.6,75840.97,301.78476
2026-04-21 00:00:00,75840.97,76099.19,75700.0,76092.45,428.95831
2026-04-21 01:00:00,76092.46,76263.4,75866.01,75927.59,391.13593
2026-04-21 02:00:00,75927.58,75932.7,75580.0,75581.33,536.09341
2026-04-21 03:00:00,75581.33,75721.12,75474.77,75710.3,256.2515
2026-04-21 04:00:00,75710.31,75823.49,75600.0,75813.81,259.64273
2026-04-21 05:00:00,75813.8,75981.1,75782.75,75802.0,321.53858
2026-04-21 06:00:00,75802.0,76129.95,75703.85,75974.11,408.87339
2026-04-21 07:00:00,75974.12,76300.0,75814.26,76084.34,1236.72448
2026-04-21 08:00:00,76084.34,76927.57,76063.98,76507.21,915.23783
2026-04-21 09:00:00,76507.21,76587.82,76155.0,76362.77,582.67237
2026-04-21 10:00:00,76362.78,76866.55,76349.59,76746.41,536.34243
2026-04-21 11:00:00,76746.41,76750.68,76342.0,76452.94,624.94284
2026-04-21 12:00:00,76452.94,76528.11,75709.03,76009.46,1039.78515
2026-04-21 13:00:00,76009.46,76179.75,75736.33,75899.98,686.08493
2026-04-21 14:00:00,75899.98,76595.3,75625.28,75675.05,949.21411
2026-04-21 15:00:00,75675.04,75979.78,75430.62,75834.65,923.86151
2026-04-21 16:00:00,75834.66,76190.72,75760.0,75781.18,496.33064
2026-04-21 17:00:00,75781.19,75912.98,75052.64,75545.62,995.0846
2026-04-21 18:00:00,75545.62,75668.24,75310.88,75610.21,456.47055
2026-04-21 19:00:00,75610.21,75919.5,74821.57,75023.43,954.2676
2026-04-21 20:00:00,75023.43,75859.56,74967.58,75698.51,797.25703
2026-04-21 21:00:00,75698.51,75777.38,75431.62,75549.99,249.37655
2026-04-21 22:00:00,75549.99,75650.04,75302.01,75650.04,389.29388
2026-04-21 23:00:00,75650.03,76425.37,75622.0,76336.15,477.13097
2026-04-22 00:00:00,76336.14,76500.0,76220.4,76370.45,496.92701
2026-04-22 01:00:00,76370.46,76416.24,76132.95,76297.99,351.48706
2026-04-22 02:00:00,76297.99,77645.35,76223.9,77604.71,1622.85639
2026-04-22 03:00:00,77604.7,77733.11,77397.88,77521.48,956.6528
2026-04-22 04:00:00,77521.47,77700.0,77364.25,77523.0,547.1578
2026-04-22 05:00:00,77523.01,78452.18,77450.0,77994.93,2386.48879
2026-04-22 06:00:00,77994.92,78042.84,77900.0,78010.72,576.88586
2026-04-22 07:00:00,78010.73,78111.0,77825.0,78012.79,880.5264
2026-04-22 08:00:00,78012.78,78219.41,77941.59,78010.92,987.44812
2026-04-22 09:00:00,78010.92,78184.7,77956.76,78001.95,415.39605
2026-04-22 10:00:00,78001.96,78180.0,77951.17,78157.41,352.72131
2026-04-22 11:00:00,78157.41,78399.0,78102.0,78300.0,560.88264
2026-04-22 12:00:00,78300.0,78508.18,78114.04,78236.05,952.94008
2026-04-22 13:00:00,78236.05,78850.0,78162.64,78840.94,1253.18724
2026-04-22 14:00:00,78840.94,79174.68,78577.86,79045.75,1847.69509
2026-04-22 15:00:00,79045.75,79400.0,78837.66,79272.9,1412.004
2026-04-22 16:00:00,79272.91,79472.82,78632.37,78743.59,1010.97362
2026-04-22 17:00:00,78743.6,79034.73,78705.71,78900.0,502.31388
2026-04-22 18:00:00,78900.01,79163.66,78828.76,79022.39,322.94022
2026-04-22 19:00:00,79022.4,79067.6,78706.81,78846.62,557.30668
2026-04-22 20:00:00,78846.62,78915.84,78410.0,78436.68,436.66543
2026-04-22 21:00:00,78436.69,78821.86,78425.0,78762.69,299.34545
2026-04-22 22:00:00,78762.68,78824.0,78456.15,78607.95,294.6414
2026-04-22 23:00:00,78607.95,78607.95,78155.83,78178.23,712.06893
2026-04-23 00:00:00,78178.22,78574.44,77582.17,78424.29,1778.58027
2026-04-23 01:00:00,78424.3,78472.95,78057.5,78359.23,586.8685
2026-04-23 02:00:00,78359.71,78359.72,77761.2,77939.92,508.32327
2026-04-23 03:00:00,77939.91,78025.99,77453.43,77746.46,609.2036
2026-04-23 04:00:00,77746.47,77949.09,77675.8,77920.09,305.0499
2026-04-23 05:00:00,77920.09,78110.01,77750.0,78033.87,680.89298
2026-04-23 06:00:00,78034.0,78339.35,78034.0,78211.43,433.12959
2026-04-23 07:00:00,78211.43,78248.39,77981.88,78048.62,292.35484
2026-04-23 08:00:00,78048.61,78175.52,77714.86,77858.35,1135.26875
2026-04-23 09:00:00,77858.34,77860.8,77440.85,77655.34,772.05261
2026-04-23 10:00:00,77655.35,77709.16,77174.01,77403.63,1129.48909
2026-04-23 11:00:00,77403.63,77757.31,77365.57,77704.62,525.42671
2026-04-23 12:00:00,77704.61,77870.54,77491.18,77870.53,636.21566
2026-04-23 13:00:00,77870.54,77904.37,77379.92,77532.23,592.70115
2026-04-23 14:00:00,77532.23,78201.53,77414.0,78180.77,926.52082
2026-04-23 15:00:00,78180.78,78662.5,77983.25,78376.76,1008.45262
2026-04-23 16:00:00,78376.77,78509.82,78030.0,78103.72,661.93618
2026-04-23 17:00:00,78103.72,78184.85,76960.0,77769.21,1724.53866
2026-04-23 18:00:00,77769.2,78146.75,77678.65,77678.65,731.06838
2026-04-23 19:00:00,77678.65,77886.88,77592.92,77727.26,830.20485
2026-04-23 20:00:00,77727.25,78050.0,77637.5,77886.97,391.74493
2026-04-23 21:00:00,77886.97,78070.0,77800.0,77864.83,211.37751
2026-04-23 22:00:00,77864.84,78331.0,77864.83,78235.3,271.3302
2026-04-23 23:00:00,78235.29,78298.01,78030.0,78257.48,228.06394
2026-04-24 00:00:00,78257.48,78490.83,78172.01,78417.22,451.37457
2026-04-24 01:00:00,78417.22,78450.0,77952.16,78429.73,533.84795
2026-04-24 02:00:00,78429.73,78581.93,78067.17,78125.65,425.56297
2026-04-24 03:00:00,78125.65,78178.4,77555.0,77737.85,639.95986
2026-04-24 04:00:00,77737.84,77854.57,77482.49,77670.0,605.14416
2026-04-24 05:00:00,77670.01,78057.65,77457.0,77953.48,423.6718
2026-04-24 06:00:00,77953.48,77979.54,77761.2,77789.75,280.75336
2026-04-24 07:00:00,77789.75,77855.67,77543.52,77644.6,696.90666
2026-04-24 08:00:00,77644.59,78000.0,77550.73,77785.71,731.67499
2026-04-24 09:00:00,77785.7,77804.23,77402.01,77527.69,621.09775
2026-04-24 10:00:00,77527.7,77784.0,77444.95,77752.36,379.99202
2026-04-24 11:00:00,77752.37,78372.58,77752.37,78240.26,1186.36064
2026-04-24 12:00:00,78240.27,78345.15,78016.51,78275.66,579.40035
2026-04-24 13:00:00,78275.65,78479.37,77913.27,78093.79,852.96848
2026-04-24 14:00:00,78093.8,78093.8,77681.74,78037.64,755.72516
2026-04-24 15:00:00,78037.65,78233.18,77577.22,78038.62,662.02033
2026-04-24 16:00:00,78038.63,78060.29,77586.86,77777.28,525.06319
2026-04-24 17:00:00,77776.76,77829.17,77489.6,77681.71,537.36482
2026-04-24 18:00:00,77681.72,77717.08,77363.63,77618.24,321.31558
2026-04-24 19:00:00,77618.25,77748.66,77532.46,77628.85,250.57895
2026-04-24 20:00:00,77628.84,77757.14,77458.0,77718.31,376.29595
2026-04-24 21:00:00,77718.31,77756.15,77536.48,77536.48,322.69633
2026-04-24 22:00:00,77536.49,77616.78,77264.08,77328.91,278.27896
2026-04-24 23:00:00,77328.92,77456.87,77328.92,77437.13,237.08832
2026-04-25 00:00:00,77437.13,77502.99,77309.92,77456.88,429.63681
2026-04-25 01:00:00,77456.88,77620.52,77440.8,77541.63,200.07888
2026-04-25 02:00:00,77541.63,77644.04,77504.43,77607.8,171.0703
2026-04-25 03:00:00,77607.8,77711.87,77550.27,77679.07,142.22205
2026-04-25 04:00:00,77679.08,77691.23,77596.37,77619.05,275.21191
2026-04-25 05:00:00,77619.05,77619.05,77485.51,77510.28,174.55862
2026-04-25 06:00:00,77510.27,77582.28,77489.35,77503.63,269.54814
2026-04-25 07:00:00,77503.63,77566.26,77450.0,77501.19,174.69907
2026-04-25 08:00:00,77501.19,77654.41,77491.36,77643.37,116.50084
2026-04-25 09:00:00,77643.38,77779.65,77587.1,77714.55,144.65626
2026-04-25 10:00:00,77714.56,77885.35,77714.55,77787.77,306.44644
2026-04-25 11:00:00,77787.76,77787.77,77607.03,77682.3,185.59351
2026-04-25 12:00:00,77682.29,77717.95,77550.61,77557.14,161.82067
2026-04-25 13:00:00,77557.14,77710.91,77557.14,77691.69,161.65796
2026-04-25 14:00:00,77691.7,77752.54,77638.0,77656.75,202.75966
2026-04-25 15:00:00,77656.74,77722.7,77299.89,77330.26,480.35839
2026-04-25 16:00:00,77330.25,77454.31,77140.23,77397.27,471.60364
2026-04-25 17:00:00,77397.27,77407.03,77210.96,77245.77,151.09691
2026-04-25 18:00:00,77245.78,77389.01,77216.29,77313.0,331.13304
2026-04-25 19:00:00,77313.0,77343.81,77193.79,77330.01,293.84127
2026-04-25 20:00:00,77330.0,77481.7,77311.05,77479.13,85.63447
2026-04-25 21:00:00,77479.14,77530.0,77415.2,77525.84,150.55151
2026-04-25 22:00:00,77525.83,77634.77,77498.81,77557.01,242.12513
2026-04-25 23:00:00,77557.01,77650.0,77530.0,77625.0,362.30872
2026-04-26 00:00:00,77625.0,77642.43,77445.94,77502.4,307.91239
2026-04-26 01:00:00,77502.39,77572.81,77451.16,77461.16,130.56583
2026-04-26 02:00:00,77461.16,77590.97,77452.07,77512.67,85.92459
2026-04-26 03:00:00,77512.67,77541.96,77326.51,77400.21,146.77411
2026-04-26 04:00:00,77400.21,77814.43,77383.46,77774.29,227.07196
2026-04-26 05:00:00,77774.29,78200.0,77719.77,77983.31,797.06637
2026-04-26 06:00:00,77983.31,78045.0,77899.45,77999.04,206.01822
2026-04-26 07:00:00,77999.04,78121.45,77968.36,78102.53,175.6113
2026-04-26 08:00:00,78102.53,78210.0,78019.65,78032.59,265.96473
2026-04-26 09:00:00,78032.59,78058.45,77926.59,77999.99,168.80014
2026-04-26 10:00:00,78000.0,78050.19,77954.0,78002.43,153.3474
2026-04-26 11:00:00,78002.43,78149.99,78002.42,78101.44,133.58626
2026-04-26 12:00:00,78101.43,78101.5,77770.0,77833.08,296.93614
2026-04-26 13:00:00,77833.08,77996.69,77797.13,77977.79,254.46962
2026-04-26 14:00:00,77977.79,78173.15,77871.85,78095.66,401.66239
2026-04-26 15:00:00,78095.65,78121.92,77988.89,78049.0,177.4742
2026-04-26 16:00:00,78049.0,78086.47,77919.42,77919.43,198.96678
2026-04-26 17:00:00,77919.43,78050.0,77850.0,78018.57,373.25532
2026-04-26 18:00:00,78018.57,78346.89,77988.11,78283.96,421.27794
2026-04-26 19:00:00,78283.97,78500.0,78013.76,78221.16,511.56
2026-04-26 20:00:00,78221.17,78377.77,78158.04,78194.22,172.13709
2026-04-26 21:00:00,78194.21,78961.0,77843.75,78417.41,977.34524
2026-04-26 22:00:00,78417.41,78850.3,77953.26,78313.52,710.63176
2026-04-26 23:00:00,78313.52,78901.63,78041.05,78657.55,669.20184
2026-04-27 00:00:00,78657.55,79392.4,78400.03,79308.6,1271.22649
2026-04-27 01:00:00,79309.0,79485.66,78730.71,79283.66,993.09217
2026-04-27 02:00:00,79283.65,79304.0,79030.91,79130.01,381.22923
2026-04-27 03:00:00,79130.01,79316.5,79077.81,79105.49,397.44839
2026-04-27 04:00:00,79105.5,79160.0,78872.42,78924.22,417.67922
2026-04-27 05:00:00,78924.21,78938.0,77562.63,77785.54,1805.78745
2026-04-27 06:00:00,77785.55,77871.9,77465.05,77700.12,641.73182
2026-04-27 07:00:00,77700.12,77734.79,77562.08,77606.6,743.19766
2026-04-27 08:00:00,77606.59,77816.18,77553.23,77804.34,465.54163
2026-04-27 09:00:00,77804.34,77980.0,77700.0,77900.01,578.50773
2026-04-27 10:00:00,77900.01,77935.66,77792.46,77850.01,311.10764
2026-04-27 11:00:00,77850.01,77885.46,77740.39,77844.26,252.77882
2026-04-27 12:00:00,77844.25,77867.33,77620.0,77667.36,415.46743
2026-04-27 13:00:00,77667.36,77966.8,77571.79,77746.74,762.7167
2026-04-27 14:00:00,77746.74,78265.34,77680.0,77815.25,744.42829
2026-04-27 15:00:00,77815.26,77827.17,76564.33,76793.09,1882.17067
2026-04-27 16:00:00,76793.1,76868.01,76546.0,76618.59,809.46498
2026-04-27 17:00:00,76618.59,76990.43,76618.59,76743.24,874.80558
2026-04-27 18:00:00,76743.23,76890.99,76668.52,76834.06,361.97331
2026-04-27 19:00:00,76834.05,76894.7,76459.64,76878.07,598.68003
2026-04-27 20:00:00,76878.23,77067.8,76844.16,76960.43,310.80766
2026-04-27 21:00:00,76960.43,76981.53,76786.8,76786.81,223.94467
2026-04-27 22:00:00,76786.81,77082.78,76763.71,77066.42,364.86359
2026-04-27 23:00:00,77066.42,77450.0,77018.56,77371.32,438.27302
2026-04-28 00:00:00,77371.32,77478.0,77210.92,77379.62,327.26244
2026-04-28 01:00:00,77379.62,77394.1,77038.1,77084.68,404.77602
2026-04-28 02:00:00,77084.69,77227.03,76672.56,76890.93,437.7548
2026-04-28 03:00:00,76890.92,76890.92,76672.0,76815.18,278.47081
2026-04-28 04:00:00,76815.18,76950.0,76701.35,76888.08,274.86374
2026-04-28 05:00:00,76888.08,77154.0,76811.01,76885.98,510.80129
2026-04-28 06:00:00,76885.97,77027.91,76588.0,76720.0,465.05641
2026-04-28 07:00:00,76720.01,76922.22,76424.9,76879.28,1631.99051
2026-04-28 08:00:00,76879.28,77013.63,76741.12,76858.59,1043.07562
2026-04-28 09:00:00,76858.59,76863.54,76495.91,76598.0,361.69239
2026-04-28 10:00:00,76597.99,76692.19,76484.7,76618.35,418.24563
2026-04-28 11:00:00,76618.35,76649.86,76130.1,76229.0,1019.71842
2026-04-28 12:00:00,76228.99,76421.94,76168.84,76372.05,652.01316
2026-04-28 13:00:00,76372.04,76411.72,75924.98,76189.84,1288.525
2026-04-28 14:00:00,76189.85,76199.99,75666.6,75949.99,1264.2758
2026-04-28 15:00:00,75950.0,76085.42,75836.88,76066.38,571.95819
2026-04-28 16:00:00,76066.37,76218.06,75881.28,76125.04,447.54534
2026-04-28 17:00:00,76125.04,76262.63,75959.05,76187.3,337.12149
2026-04-28 18:00:00,76187.3,76280.91,76137.86,76242.18,337.48355
2026-04-28 19:00:00,76242.17,76380.83,76066.35,76330.97,259.65416
2026-04-28 20:00:00,76330.97,76480.0,76323.71,76463.95,259.71578
2026-04-28 21:00:00,76463.95,76481.3,76267.61,76357.15,281.17357
2026-04-28 22:00:00,76357.15,76446.26,76218.0,76242.17,157.60986
2026-04-28 23:00:00,76242.17,76370.0,76197.02,76342.77,179.93985
2026-04-29 00:00:00,76342.78,76557.97,76276.0,76512.0,636.88517
2026-04-29 01:00:00,76511.99,76668.02,76187.75,76571.0,371.48818
2026-04-29 02:00:00,76571.0,76666.82,76402.72,76531.29,315.29662
2026-04-29 03:00:00,76531.29,77127.62,76519.94,76994.78,568.25927
2026-04-29 04:00:00,76994.77,77455.71,76880.0,77269.76,655.24397
2026-04-29 05:00:00,77269.76,77329.31,77198.07,77288.38,412.95649
2026-04-29 06:00:00,77288.39,77337.57,76907.07,77031.06,974.38933
2026-04-29 07:00:00,77031.07,77182.91,77031.06,77053.64,931.98531
2026-04-29 08:00:00,77053.65,77148.79,76972.32,77046.32,539.09721
2026-04-29 09:00:00,77046.31,77800.0,76972.32,77642.0,835.54071
2026-04-29 10:00:00,77642.0,77904.93,77559.19,77619.61,790.81622
2026-04-29 11:00:00,77619.62,77694.61,77485.81,77590.03,531.7514
2026-04-29 12:00:00,77590.04,77596.39,76850.0,77143.68,1776.35149
2026-04-29 13:00:00,77143.68,77240.0,76425.62,76783.43,1000.6949
2026-04-29 14:00:00,76783.42,76927.69,76489.99,76570.0,1353.72071
2026-04-29 15:00:00,76570.0,76634.61,75705.32,75924.25,1132.75734
2026-04-29 16:00:00,75924.24,76125.47,75696.13,75803.54,1021.10079
2026-04-29 17:00:00,75803.55,76184.01,75803.55,76184.01,549.93434
2026-04-29 18:00:00,76184.0,76274.8,74937.52,75513.91,1926.88309
2026-04-29 19:00:00,75513.92,75591.83,75302.31,75563.86,464.5754
2026-04-29 20:00:00,75563.87,75857.32,75497.43,75676.79,575.31173
2026-04-29 21:00:00,75676.79,76088.9,75607.7,75933.93,363.06477
2026-04-29 22:00:00,75933.94,76004.14,75818.14,75927.38,272.33397
2026-04-29 23:00:00,75927.38,75990.06,75692.33,75780.0,279.49181
2026-04-30 00:00:00,75780.0,76344.61,75656.03,76248.74,562.71461
2026-04-30 01:00:00,76248.76,76473.26,76178.73,76232.8,331.53653
2026-04-30 02:00:00,76232.81,76351.04,75494.7,75704.74,537.06765
2026-04-30 03:00:00,75704.74,75994.26,75659.85,75928.1,182.12647
2026-04-30 04:00:00,75928.09,75963.92,75414.57,75497.0,426.96926
2026-04-30 05:00:00,75497.01,75750.0,75323.65,75600.09,491.70915
2026-04-30 06:00:00,75600.09,75867.9,75569.99,75753.53,372.15072
2026-04-30 07:00:00,75753.54,76179.91,75718.5,76161.67,516.75183
2026-04-30 08:00:00,76161.67,76208.92,76019.57,76058.17,350.94571
2026-04-30 09:00:00,76058.17,76339.38,76012.6,76097.19,445.01057
2026-04-30 10:00:00,76097.19,76163.52,75974.93,76028.66,365.18719
2026-04-30 11:00:00,76028.66,76244.36,75876.29,76059.43,550.88667
2026-04-30 12:00:00,76059.42,76511.22,76042.75,76308.48,1520.57994
2026-04-30 13:00:00,76308.48,76669.14,76116.2,76420.44,927.16622
2026-04-30 14:00:00,76420.45,76597.51,76093.81,76301.24,683.75312
2026-04-30 15:00:00,76301.25,76653.6,76163.16,76473.6,374.70038
2026-04-30 16:00:00,76473.6,76484.6,76228.27,76261.03,165.45041
2026-04-30 17:00:00,76261.04,76328.71,76111.0,76250.01,273.82279
2026-04-30 18:00:00,76250.0,76468.84,76204.4,76350.0,184.15567
2026-04-30 19:00:00,76350.0,76514.8,76308.33,76412.8,307.53776
2026-04-30 20:00:00,76412.8,76568.9,76318.31,76492.46,287.06721
2026-04-30 21:00:00,76492.45,76535.42,76240.78,76241.78,183.08169
2026-04-30 22:00:00,76241.77,76449.16,76206.02,76237.06,158.56535
2026-04-30 23:00:00,76237.07,76380.2,76217.96,76346.57,182.87917
2026-05-01 00:00:00,76346.58,76591.0,76320.42,76458.05,502.88844
2026-05-01 01:00:00,76458.06,76776.21,76449.5,76686.13,486.84554
2026-05-01 02:00:00,76686.12,76744.6,76533.74,76592.54,204.45438
2026-05-01 03:00:00,76592.54,77453.74,76555.06,77131.08,1056.19913
2026-05-01 04:00:00,77131.08,77206.38,76653.6,77042.44,995.75921
2026-05-01 05:00:00,77042.44,77184.96,77033.91,77165.98,283.75111
2026-05-01 06:00:00,77165.99,77179.53,76882.0,76993.48,439.15205
2026-05-01 07:00:00,76993.49,77140.36,76957.04,77130.54,633.7325
2026-05-01 08:00:00,77130.54,77500.0,77048.0,77377.47,697.73561
2026-05-01 09:00:00,77377.48,77391.99,77200.15,77268.55,355.16559
2026-05-01 10:00:00,77268.56,77433.72,77146.48,77304.34,330.99244
2026-05-01 11:00:00,77303.8,77600.0,77263.66,77463.98,584.3796
2026-05-01 12:00:00,77463.98,78170.2,77408.73,77896.01,1392.97654
2026-05-01 13:00:00,77896.01,78914.12,77896.0,78737.25,2354.33999
2026-05-01 14:00:00,78737.26,78871.8,78051.86,78358.75,1970.70152
2026-05-01 15:00:00,78358.74,78735.92,78176.06,78445.89,1013.17746
2026-05-01 16:00:00,78445.88,78683.23,78167.53,78214.36,704.68666
2026-05-01 17:00:00,78214.36,78584.61,78131.02,78552.94,489.31938
2026-05-01 18:00:00,78552.93,78623.37,78375.53,78423.9,487.76487
2026-05-01 19:00:00,78423.91,78540.0,78313.16,78360.0,512.65483
2026-05-01 20:00:00,78360.01,78422.81,77752.0,77880.18,827.52759
2026-05-01 21:00:00,77880.18,78200.0,77857.97,78199.99,485.72824
2026-05-01 22:00:00,78200.0,78411.13,78144.7,78153.38,331.97786
2026-05-01 23:00:00,78153.37,78249.6,78043.28,78231.13,173.55448
2026-05-02 00:00:00,78231.13,78393.39,78166.48,78341.75,211.29374
2026-05-02 01:00:00,78341.75,78441.31,78294.19,78355.0,400.98852
2026-05-02 02:00:00,78355.0,78513.7,78260.95,78353.93,283.69022
2026-05-02 03:00:00,78353.93,78514.82,78237.25,78400.0,300.16391
2026-05-02 04:00:00,78399.99,78448.99,78123.53,78175.5,411.85061
2026-05-02 05:00:00,78175.5,78235.25,78040.0,78174.0,526.60294
2026-05-02 06:00:00,78174.0,78363.21,78148.24,78327.8,366.5645
2026-05-02 07:00:00,78327.8,78342.18,78207.2,78220.0,170.02066
2026-05-02 08:00:00,78220.0,78356.51,78165.3,78315.37,204.83037
2026-05-02 09:00:00,78315.36,78394.0,78220.0,78293.57,257.64077
2026-05-02 10:00:00,78293.57,78311.97,78225.22,78249.3,136.41815
2026-05-02 11:00:00,78249.31,78249.31,78094.43,78143.08,269.24301
2026-05-02 12:00:00,78143.09,78262.37,78108.41,78211.24,182.77682
2026-05-02 13:00:00,78211.24,78423.85,78211.24,78367.06,227.00487
2026-05-02 14:00:00,78367.06,78484.42,78309.84,78423.98,190.15931
2026-05-02 15:00:00,78423.98,78487.68,78365.96,78487.67,126.14054
2026-05-02 16:00:00,78487.67,78596.61,78430.07,78455.02,194.42514
2026-05-02 17:00:00,78455.02,78485.53,78368.24,78398.02,213.39843
2026-05-02 18:00:00,78398.03,78493.31,78310.54,78466.62,118.15969
2026-05-02 19:00:00,78466.63,78521.68,78440.11,78486.0,182.05466
2026-05-02 20:00:00,78486.23,78491.26,78418.32,78451.38,61.92886
2026-05-02 21:00:00,78451.37,79199.48,78439.51,78719.78,734.53837
2026-05-02 22:00:00,78719.78,78872.39,78610.46,78832.98,266.49012
2026-05-02 23:00:00,78832.98,78832.98,78631.9,78686.85,114.49221
2026-05-03 00:00:00,78686.84,78754.55,78490.61,78542.32,233.96416
2026-05-03 01:00:00,78542.33,78542.33,78152.25,78240.83,391.01401
2026-05-03 02:00:00,78240.84,78309.09,78108.75,78171.85,222.42918
2026-05-03 03:00:00,78171.86,78217.59,78109.94,78203.08,200.3559
2026-05-03 04:00:00,78203.07,78236.45,78120.0,78163.19,89.71363
2026-05-03 05:00:00,78163.19,78260.75,78163.17,78249.42,98.09285
2026-05-03 06:00:00,78249.41,78337.26,78084.08,78288.3,306.94233
2026-05-03 07:00:00,78288.3,78483.67,78288.29,78363.25,299.42086
2026-05-03 08:00:00,78363.24,78505.92,78363.24,78387.86,102.01693
2026-05-03 09:00:00,78387.87,78604.67,78354.53,78529.57,293.1321
2026-05-03 10:00:00,78529.57,78534.4,78406.97,78408.01,140.79481
2026-05-03 11:00:00,78408.01,78849.22,78380.0,78656.01,412.8313
2026-05-03 12:00:00,78656.01,78878.77,78656.0,78747.09,294.28187
2026-05-03 13:00:00,78747.09,78769.63,78586.99,78670.01,196.40341
2026-05-03 14:00:00,78670.01,78786.57,78608.7,78741.0,409.96615
2026-05-03 15:00:00,78741.0,78815.19,78633.4,78668.36,237.20487
2026-05-03 16:00:00,78668.36,78784.56,78600.0,78654.0,167.53902
2026-05-03 17:00:00,78654.01,78822.83,78558.65,78725.76,357.9255
2026-05-03 18:00:00,78725.76,78763.57,78631.61,78739.67,138.18974
2026-05-03 19:00:00,78739.68,78853.32,78676.67,78760.32,252.60944
2026-05-03 20:00:00,78760.32,79268.0,78732.04,78915.99,645.7979
2026-05-03 21:00:00,78915.99,79056.59,78650.0,78831.59,357.48617
2026-05-03 22:00:00,78831.6,79447.0,78831.6,79177.29,934.95879
2026-05-03 23:00:00,79177.29,79287.82,78484.42,78568.57,642.72198
2026-05-04 00:00:00,78568.58,78572.57,78288.88,78547.14,434.86007
2026-05-04 01:00:00,78547.15,79848.84,78412.49,79769.43,1366.42153
2026-05-04 02:00:00,79769.43,80420.9,79540.05,80173.3,2278.14954
2026-05-04 03:00:00,80173.3,80458.0,79926.9,80316.31,1012.18218
2026-05-04 04:00:00,80316.3,80635.51,80233.04,80332.06,1362.02834
2026-05-04 05:00:00,80332.06,80395.96,79956.25,80027.26,746.81318
2026-05-04 06:00:00,80027.26,80048.64,79500.0,79877.9,1103.73906
2026-05-04 07:00:00,79877.91,79946.33,79672.0,79696.75,419.83178
2026-05-04 08:00:00,79696.75,79800.0,79602.32,79708.3,435.36516
2026-05-04 09:00:00,79708.3,79930.0,79647.87,79838.48,473.40316
2026-05-04 10:00:00,79838.49,79880.0,78202.0,78940.26,4380.72428
2026-05-04 11:00:00,78940.27,79124.83,78708.87,78793.67,699.54546
2026-05-04 12:00:00,78793.67,79020.0,78718.55,78857.18,426.01688
2026-05-04 13:00:00,78857.18,79124.83,78581.74,78790.0,725.07004
2026-05-04 14:00:00,78790.01,80545.17,78500.0,80216.16,2308.42012
2026-05-04 15:00:00,80216.15,80367.93,79320.28,80028.85,2458.63305
2026-05-04 16:00:00,80028.85,80395.68,79619.33,80025.03,1492.78417
2026-05-04 17:00:00,80025.03,80776.99,80021.5,80390.81,1080.11249
2026-05-04 18:00:00,80390.8,80439.18,80035.32,80114.91,663.99913
2026-05-04 19:00:00,80114.91,80138.0,79900.0,80053.31,505.59924
2026-05-04 20:00:00,80053.31,80154.12,79901.0,79936.7,459.51864
2026-05-04 21:00:00,79936.7,80383.15,79936.7,80259.17,343.30642
2026-05-04 22:00:00,80259.18,80397.19,80042.84,80067.23,272.35375
2026-05-04 23:00:00,80067.22,80067.22,79744.91,79861.01,594.08368
2026-05-05 00:00:00,79861.01,80183.33,79808.72,80170.66,425.73287
2026-05-05 01:00:00,80170.66,80385.06,80080.76,80352.0,530.02962
2026-05-05 02:00:00,80351.99,80900.0,80300.0,80554.68,768.44478
2026-05-05 03:00:00,80554.69,81083.98,80457.93,80893.08,677.93372
2026-05-05 04:00:00,80893.08,80982.59,80725.0,80902.44,528.94138
2026-05-05 05:00:00,80902.44,81323.52,80830.06,80970.0,1011.38606
2026-05-05 06:00:00,80969.99,81016.42,80800.0,80976.0,389.83367
2026-05-05 07:00:00,80976.0,81136.59,80826.0,80855.59,1044.4323
2026-05-05 08:00:00,80855.59,80895.5,80723.2,80815.24,474.4579
2026-05-05 09:00:00,80815.24,80815.24,80527.76,80586.02,865.34761
2026-05-05 10:00:00,80586.02,80831.87,80530.82,80823.61,521.10422
2026-05-05 11:00:00,80823.61,81095.48,80780.0,81014.05,623.66253
2026-05-05 12:00:00,81014.05,81329.61,80932.54,81279.41,607.82057
2026-05-05 13:00:00,81279.4,81712.32,81196.0,81330.0,1771.4169
2026-05-05 14:00:00,81330.0,81500.0,80939.87,81336.59,1282.91373
2026-05-05 15:00:00,81336.59,81689.2,81235.0,81525.19,899.04049
2026-05-05 16:00:00,81525.19,81615.33,81050.04,81285.75,707.45267
2026-05-05 17:00:00,81285.75,81458.26,81185.02,81270.6,280.80669
2026-05-05 18:00:00,81270.61,81599.0,81270.61,81515.0,427.56223
2026-05-05 19:00:00,81515.0,81680.0,81407.58,81606.35,364.63717
2026-05-05 20:00:00,81606.35,81770.0,81510.13,81646.38,724.67261
2026-05-05 21:00:00,81646.39,81791.48,81305.27,81407.11,618.58873
2026-05-05 22:00:00,81407.11,81600.0,80817.72,81111.27,921.88572
2026-05-05 23:00:00,81111.27,81222.03,80790.0,80905.52,479.07578
2026-05-06 00:00:00,80905.53,81262.28,80731.14,81030.01,876.19915
2026-05-06 01:00:00,81030.0,81534.23,80996.0,81439.34,803.82574
2026-05-06 02:00:00,81439.34,81449.04,81047.01,81363.54,621.19491
2026-05-06 03:00:00,81363.54,81760.84,81358.17,81581.69,710.52364
2026-05-06 04:00:00,81581.7,81649.99,81270.0,81331.1,575.6413
2026-05-06 05:00:00,81331.1,81360.3,81060.0,81333.0,592.1865
2026-05-06 06:00:00,81333.0,81516.9,81211.34,81476.71,524.1354
2026-05-06 07:00:00,81476.71,81611.0,81307.81,81359.82,608.74333
2026-05-06 08:00:00,81359.82,81986.0,81328.68,81945.66,1353.41416
2026-05-06 09:00:00,81945.66,82060.0,81682.7,81997.0,1096.7335
2026-05-06 10:00:00,81997.0,82390.0,81953.25,82290.04,1302.85091
2026-05-06 11:00:00,82290.03,82850.0,82261.6,82522.89,1435.93329
2026-05-06 12:00:00,82522.88,82539.33,82164.61,82220.47,820.9281
2026-05-06 13:00:00,82220.47,82220.47,81600.0,81670.89,1247.90169
2026-05-06 14:00:00,81670.9,81980.72,81136.0,81526.73,1615.07708
2026-05-06 15:00:00,81526.74,81823.0,81316.28,81704.25,824.75333
2026-05-06 16:00:00,81704.25,81907.51,81431.16,81630.94,983.55485
2026-05-06 17:00:00,81630.94,81709.32,81394.0,81452.63,417.39237
2026-05-06 18:00:00,81452.63,81559.17,81271.06,81353.14,451.84587
2026-05-06 19:00:00,81353.15,81522.41,81200.0,81464.87,517.12437
2026-05-06 20:00:00,81464.86,81700.0,81302.35,81427.52,436.46876
2026-05-06 21:00:00,81427.52,81618.77,81294.64,81539.16,310.38464
2026-05-06 22:00:00,81539.16,81540.91,81240.0,81342.39,229.58883
2026-05-06 23:00:00,81342.39,81447.3,81000.0,81447.01,442.37224
2026-05-07 00:00:00,81447.01,81490.03,80980.0,81016.96,407.52958
2026-05-07 01:00:00,81016.96,81284.67,80830.23,81167.8,565.39571
2026-05-07 02:00:00,81167.79,81180.74,80883.54,81113.34,749.95215
2026-05-07 03:00:00,81113.35,81113.35,80834.61,80834.91,345.29566
2026-05-07 04:00:00,80834.92,80989.59,80725.09,80979.19,387.82747
2026-05-07 05:00:00,80979.19,81172.27,80974.06,81088.0,355.34634
2026-05-07 06:00:00,81088.0,81443.21,80874.41,81438.61,613.68575
2026-05-07 07:00:00,81438.62,81708.32,81390.3,81518.58,681.98013
2026-05-07 08:00:00,81518.57,81590.0,81194.74,81231.24,647.38206
2026-05-07 09:00:00,81231.25,81231.25,80852.33,80929.0,659.04219
2026-05-07 10:00:00,80929.0,80997.0,80572.4,80850.75,690.56353
2026-05-07 11:00:00,80850.76,81041.15,80786.5,80866.65,367.10915
2026-05-07 12:00:00,80866.65,81180.0,80846.87,81162.01,429.19223
2026-05-07 13:00:00,81162.0,81162.01,80260.98,80503.68,1211.56578
2026-05-07 14:00:00,80503.69,80685.7,80046.0,80171.38,1538.09475
2026-05-07 15:00:00,80171.37,80271.42,79699.52,79890.63,1647.8103
2026-05-07 16:00:00,79890.0,80020.0,79646.79,79801.08,1424.92395
2026-05-07 17:00:00,79801.08,80135.17,79500.0,80094.52,919.74045
2026-05-07 18:00:00,80094.52,80269.06,80004.4,80200.59,527.27769
2026-05-07 19:00:00,80200.6,80224.0,79934.3,80146.11,443.20216
2026-05-07 20:00:00,80146.77,80371.23,79859.51,79879.99,400.51449
2026-05-07 21:00:00,79880.0,79934.92,79660.0,79735.01,401.75461
2026-05-07 22:00:00,79735.0,79990.0,79582.95,79919.01,495.14556
2026-05-07 23:00:00,79919.0,80068.03,79871.98,80006.0,244.47169
2026-05-08 00:00:00,80006.0,80142.84,79729.72,79831.99,958.06006
2026-05-08 01:00:00,79831.98,79900.11,79612.63,79740.01,539.33838
2026-05-08 02:00:00,79740.01,79761.61,79316.99,79488.46,1066.54641
2026-05-08 03:00:00,79488.47,79666.66,79181.48,79578.85,529.79179
2026-05-08 04:00:00,79578.84,79748.0,79551.26,79655.23,317.73705
2026-05-08 05:00:00,79655.22,79778.95,79600.0,79600.01,307.79364
2026-05-08 06:00:00,79600.01,79654.0,79411.0,79525.76,792.09671
2026-05-08 07:00:00,79525.77,79727.0,79248.58,79682.4,992.93778
2026-05-08 08:00:00,79682.4,79987.27,79666.05,79886.01,628.59636
2026-05-08 09:00:00,79886.0,80061.17,79794.88,79872.72,481.81051
2026-05-08 10:00:00,79872.72,80278.92,79788.01,80212.56,650.80764
2026-05-08 11:00:00,80212.55,80340.94,80127.54,80231.22,586.98252
2026-05-08 12:00:00,80231.22,80500.0,79966.14,80025.82,831.54339
2026-05-08 13:00:00,80025.81,80095.99,79549.54,79647.8,1091.58342
2026-05-08 14:00:00,79647.81,80441.79,79647.8,80150.97,1005.3745
2026-05-08 15:00:00,80150.97,80200.0,79625.0,80142.14,812.90032
2026-05-08 16:00:00,80142.13,80182.18,79741.3,79802.34,665.763
2026-05-08 17:00:00,79802.35,80261.87,79738.75,80060.0,1502.98426
2026-05-08 18:00:00,80060.0,80299.99,80059.99,80078.4,470.37331
2026-05-08 19:00:00,80078.39,80181.66,79954.54,80179.94,408.77976
2026-05-08 20:00:00,80180.0,80299.93,80089.76,80133.09,330.63666
2026-05-08 21:00:00,80133.08,80264.0,80116.32,80263.99,269.62208
2026-05-08 22:00:00,80264.0,80409.09,80238.42,80262.0,318.15524
2026-05-08 23:00:00,80262.0,80299.27,80111.02,80193.17,441.0953
2026-05-09 00:00:00,80193.18,80240.87,80129.85,80238.76,206.53644
2026-05-09 01:00:00,80238.75,80446.58,80217.46,80327.75,266.81337
2026-05-09 02:00:00,80327.75,80477.47,80327.75,80417.87,231.63268
2026-05-09 03:00:00,80417.88,80550.67,80307.76,80383.95,388.12699
2026-05-09 04:00:00,80383.96,80666.66,80373.55,80379.9,404.43634
2026-05-09 05:00:00,80379.9,80480.49,80343.0,80379.49,360.73513
2026-05-09 06:00:00,80379.5,80428.01,80201.6,80263.92,270.37474
2026-05-09 07:00:00,80263.93,80309.05,80135.0,80228.89,445.94164
2026-05-09 08:00:00,80228.88,80452.44,80220.0,80407.12,297.06841
2026-05-09 09:00:00,80407.12,80415.83,80214.0,80242.53,211.41081
2026-05-09 10:00:00,80242.54,80346.94,80166.26,80264.02,234.54075
2026-05-09 11:00:00,80264.01,80366.07,80256.95,80345.46,266.71827
2026-05-09 12:00:00,80345.47,80416.21,80274.03,80397.97,357.45715
2026-05-09 13:00:00,80397.97,80422.0,80318.7,80391.18,341.73909
2026-05-09 14:00:00,80391.18,80426.9,80254.71,80332.22,322.24573
2026-05-09 15:00:00,80332.23,80600.0,80234.0,80527.92,418.47876
2026-05-09 16:00:00,80527.92,80777.0,80487.4,80625.01,546.55445
2026-05-09 17:00:00,80625.0,80928.56,80625.0,80825.9,365.65816
